0, 1, 0.987383, -0.157967, 0.011000, 0.000429, 0.002774, 0.072733, 0.034876
0, 2, 0.988921, 0.148418, 0.002620, 0.000498, 0.007340, 0.030627, -0.025935
0, 3, 0.962742, -0.145776, 0.226320, -0.025618, -1.082510, -0.435961, 0.752557
0, 4, 0.950384, -0.148409, -0.271818, 0.029336, 1.525530, -0.310588, 1.203260
0, 5, 0.999871, 0.001501, -0.015985, 0.000033, 1.087240, -0.000941, 0.158052
0, 6, 0.988207, -0.152094, -0.017225, 0.004213, 1.086660, 0.125640, 0.178123
0, 7, 0.987413, -0.156873, 0.019812, -0.003679, 1.988380, 0.056329, 0.071263
0, 8, 0.999744, 0.000313, 0.022494, -0.002391, 1.973620, -0.007095, 0.049869
0, 270, 0.969285, -0.006054, 0.245671, 0.009814, -1.893900, -0.040817, 1.588940
0, 273, 0.999935, -0.002788, 0.010957, 0.001432, -0.731500, -0.019048, 0.704759
1, 3, 0.975998, 0.007838, 0.209224, -0.059935, -1.110400, -0.505877, 0.725267
1, 4, 0.958822, 0.003419, -0.274407, 0.073141, 1.552800, -0.384419, 1.176420
1, 5, 0.986919, 0.159092, -0.025958, 0.002482, 1.082460, -0.060778, 0.101894
1, 6, 0.999575, 0.004965, -0.027486, 0.008321, 1.087900, 0.047835, 0.143800
1, 7, 0.999936, 0.005296, 0.008304, -0.005546, 1.983550, 0.007709, 0.038157
1, 8, 0.986742, 0.161629, 0.013534, -0.005781, 1.954660, -0.045802, -0.002036
1, 272, 0.999975, 0.006833, -0.001793, -0.000643, -0.746188, 0.177173, 0.661020
2, 3, 0.930721, -0.288339, 0.224832, 0.008390, -1.072300, -0.452491, 0.793085
2, 4, 0.917225, -0.287382, -0.275636, -0.011625, 1.500030, -0.322536, 1.232350
2, 5, 0.988925, -0.147194, -0.018750, -0.003220, 1.080560, -0.024429, 0.192270
2, 8, 0.988522, -0.149606, 0.021012, -0.000101, 1.962470, -0.037587, 0.083580
2, 273, 0.988593, -0.150312, 0.009097, 0.002814, -0.744107, -0.036463, 0.738115
3, 4, 0.874572, -0.004698, -0.468158, 0.126210, 2.618640, 0.437507, 1.608640
3, 5, 0.958540, 0.147582, -0.242160, 0.027906, 2.331200, 0.622835, 0.157474
3, 6, 0.969417, -0.002448, -0.236181, 0.066662, 2.330290, 0.715915, -0.009668
3, 7, 0.977393, -0.002204, -0.204580, 0.053336, 3.252670, 0.648393, -0.186175
3, 8, 0.966750, 0.147987, -0.207564, 0.020293, 3.228830, 0.617386, -0.036568
3, 270, 0.989327, 0.144453, 0.019110, -0.000214, -0.839372, 0.599454, 0.953179
3, 273, 0.965742, 0.143423, -0.214701, 0.025982, 0.503409, 0.601043, 0.625233
4, 5, 0.954550, 0.149675, 0.256362, -0.026657, -0.774539, 0.612789, 0.009188
4, 6, 0.966608, 0.000767, 0.248129, -0.064035, -0.777485, 0.657924, -0.155238
4, 7, 0.956684, 0.000917, 0.280536, -0.077811, 0.131605, 0.659294, -0.133872
4, 8, 0.945771, 0.149046, 0.286546, -0.034565, 0.143384, 0.620816, 0.031373
5, 6, 0.988024, -0.154292, -0.001055, 0.001378, -0.002527, 0.071079, 0.025553
5, 7, 0.987796, -0.151693, 0.034604, -0.007116, 0.901360, 0.072383, -0.001651
5, 8, 0.999380, -0.000903, 0.035088, -0.002747, 0.897312, 0.000249, -0.026039
5, 9, 0.999005, 0.001146, 0.044384, -0.004195, 1.754840, -0.000265, -0.077083
5, 10, 0.985226, -0.164991, 0.044138, -0.012601, 1.743690, 0.010204, -0.048111
6, 7, 0.999348, 0.001342, 0.033354, -0.013734, 0.903029, -0.005127, -0.026051
6, 8, 0.987229, 0.154994, 0.035682, -0.009073, 0.893741, -0.050099, -0.068501
6, 9, 0.986240, 0.157325, 0.049371, -0.011911, 1.722390, -0.047189, -0.122113
6, 10, 0.998928, -0.005918, 0.041022, -0.020633, 1.750960, -0.031916, -0.069699
7, 8, 0.988286, 0.152610, -0.000842, -0.000588, -0.001100, -0.058315, -0.044739
7, 9, 0.987983, 0.154294, 0.008573, -0.003039, 0.853119, -0.057881, -0.078043
7, 10, 0.999938, -0.006346, 0.006294, -0.006593, 0.858854, -0.008685, -0.027867
7, 11, 0.999981, -0.001599, -0.005993, -0.000329, 1.799920, 0.000477, -0.010357
7, 12, 0.987057, 0.160252, -0.005979, 0.001453, 1.796000, -0.040488, -0.051854
8, 9, 0.999953, 0.001839, 0.009443, -0.001365, 0.857136, 0.000835, -0.033438
8, 10, 0.987318, -0.158454, 0.008333, -0.005081, 0.860141, 0.062855, -0.004839
8, 11, 0.988024, -0.154260, -0.003474, -0.000796, 1.793940, 0.068529, 0.008284
8, 12, 0.999973, 0.006088, -0.003995, 0.000668, 1.790930, 0.008082, -0.014343
9, 10, 0.986982, -0.160810, -0.000219, -0.002517, -0.000242, 0.073886, 0.026658
9, 11, 0.987794, -0.155235, -0.012737, 0.001643, 0.935401, 0.076270, 0.022021
9, 12, 0.999903, 0.003950, -0.013203, 0.001968, 0.931574, 0.001783, -0.003572
9, 13, 0.999980, 0.005208, 0.002613, 0.002317, 1.879890, 0.006243, -0.041607
9, 14, 0.987241, -0.159174, 0.000452, 0.004391, 1.898650, 0.042180, -0.014745
10, 11, 0.999899, 0.004559, -0.011892, 0.006305, 0.938073, -0.003022, -0.004166
10, 12, 0.986248, 0.164705, -0.011823, 0.006881, 0.929612, -0.059149, -0.052242
10, 13, 0.985766, 0.167958, 0.005537, 0.004942, 1.866840, -0.043149, -0.088718
10, 14, 0.999959, 0.005359, 0.002330, 0.006962, 1.897020, -0.010103, -0.041416
11, 12, 0.987063, 0.160313, -0.000357, 0.002643, -0.001224, -0.061750, -0.048125
11, 13, 0.986762, 0.161666, 0.012764, 0.001195, 0.960769, -0.057412, -0.056953
11, 14, 0.999925, 0.001076, 0.012190, 0.000606, 0.971524, -0.006279, -0.011635
11, 15, 0.999974, 0.001235, 0.007101, 0.000498, 1.913830, -0.015292, -0.038721
11, 16, 0.986682, 0.162245, 0.011586, -0.000304, 1.890510, -0.051301, -0.089953
12, 13, 0.999919, 0.000852, 0.012734, 0.000224, 0.966371, 0.001468, -0.009944
12, 14, 0.987451, -0.157450, 0.012220, -0.000352, 0.975128, 0.077516, 0.015656
12, 15, 0.986458, -0.163738, 0.009415, -0.001065, 1.903840, 0.031641, -0.015984
12, 16, 0.999968, -0.000026, 0.007653, -0.002149, 1.920390, -0.001183, -0.040289
13, 14, 0.987353, -0.158535, -0.000268, 0.001130, 0.007941, 0.075442, 0.025590
13, 15, 0.987157, -0.159614, -0.006602, 0.000189, 0.958158, 0.059482, -0.013342
13, 16, 0.999987, -0.001322, -0.004440, -0.002253, 0.950015, -0.000746, -0.039445
13, 17, 0.999882, -0.000348, 0.015353, -0.000882, 1.905320, 0.006928, -0.098322
13, 18, 0.987523, -0.156971, 0.012482, -0.001707, 1.920690, 0.059177, -0.069537
14, 15, 0.999983, -0.000903, -0.005796, -0.000086, 0.946609, -0.014887, -0.039162
14, 16, 0.987404, 0.158160, -0.003774, -0.002299, 0.938089, -0.059118, -0.086089
14, 17, 0.986546, 0.162596, 0.016615, -0.003593, 1.884510, -0.030614, -0.146504
14, 18, 0.999792, 0.004517, 0.019048, -0.005755, 1.865770, -0.002180, -0.109220
15, 16, 0.987309, 0.158806, 0.000535, -0.001110, -0.001179, -0.055865, -0.046245
15, 17, 0.987062, 0.159102, 0.019712, -0.002462, 0.956539, -0.054540, -0.062206
15, 18, 0.999807, 0.000582, 0.018962, -0.005053, 0.956473, -0.002532, -0.016533
15, 19, 0.999968, -0.001350, 0.006613, -0.004366, 1.811850, -0.003663, 0.025900
15, 20, 0.987474, 0.157631, 0.005508, -0.004121, 1.822830, -0.059509, -0.012615
16, 17, 0.999789, 0.000279, 0.020473, 0.001350, 0.952655, 0.000675, -0.019457
16, 18, 0.987372, -0.157284, 0.018919, -0.000840, 0.959895, 0.069564, 0.008500
16, 19, 0.986846, -0.161511, 0.006678, -0.002222, 1.814120, 0.055777, 0.050310
16, 20, 0.999976, -0.001996, 0.006101, -0.002759, 1.823020, -0.008046, 0.027744
17, 18, 0.987488, -0.157696, -0.000220, 0.000446, -0.000207, 0.072779, 0.025602
17, 19, 0.986983, -0.159959, -0.016613, -0.000981, 0.878563, 0.068361, 0.044623
17, 20, 0.999896, -0.002516, -0.013639, -0.003982, 0.865668, -0.002324, 0.021068
17, 21, 0.999853, -0.004925, -0.016371, -0.001558, 1.793300, 0.005483, -0.023156
17, 22, 0.986657, -0.161567, -0.019900, 0.002876, 1.806400, 0.054549, 0.004757
18, 19, 0.999890, -0.000758, -0.014799, 0.000646, 0.871201, 0.004905, 0.020705
18, 20, 0.987793, 0.155248, -0.012643, -0.001925, 0.859546, -0.063298, -0.025782
18, 21, 0.987905, 0.154500, -0.013120, 0.000993, 1.777790, -0.046250, -0.069345
18, 22, 0.999825, -0.001298, -0.017868, 0.005426, 1.801890, -0.003468, -0.021538
19, 20, 0.987761, 0.155976, 0.000295, -0.000197, -0.001635, -0.061651, -0.046344
19, 21, 0.987941, 0.154731, -0.004535, 0.003337, 0.943605, -0.051963, -0.093667
19, 22, 0.999974, 0.000657, -0.005208, 0.004886, 0.944811, -0.009145, -0.046156
19, 23, 0.999902, 0.000920, -0.012629, -0.006033, 1.925810, -0.046732, -0.064765
19, 24, 0.987895, 0.154269, -0.014116, -0.008089, 1.935060, -0.083421, -0.112020
20, 21, 0.999982, -0.002232, -0.005130, 0.002345, 0.944176, 0.004624, -0.049550
20, 22, 0.987698, -0.156180, -0.006518, 0.004246, 0.946576, 0.058360, -0.023994
20, 23, 0.987564, -0.156668, -0.010709, -0.007599, 1.923730, 0.017108, -0.044662
20, 24, 0.999911, -0.002135, -0.008114, -0.010325, 1.911870, -0.023237, -0.080715
21, 22, 0.987940, -0.154832, -0.001120, 0.000663, 0.002029, 0.063016, 0.025016
21, 23, 0.987553, -0.156791, -0.005451, -0.011266, 0.977794, 0.032380, -0.010173
21, 24, 0.999913, -0.000516, -0.003477, -0.012678, 0.974101, -0.007875, -0.038471
21, 25, 0.999950, 0.007344, 0.006647, -0.001271, 2.002550, 0.028322, -0.101270
21, 26, 0.987064, -0.159965, 0.009472, -0.005077, 2.028460, 0.053094, -0.098556
22, 23, 0.999916, 0.000664, -0.007304, -0.010717, 0.979411, -0.014693, -0.030941
22, 24, 0.987894, 0.154560, -0.006018, -0.011845, 0.978458, -0.058331, -0.076357
22, 25, 0.986350, 0.164636, 0.002474, -0.001615, 2.024870, -0.009904, -0.128566
22, 26, 0.999903, -0.006135, 0.010059, -0.007450, 2.019680, -0.016370, -0.120440
23, 24, 0.988260, 0.152780, -0.000420, -0.000297, -0.000762, -0.059514, -0.045184
23, 25, 0.986929, 0.160359, 0.012811, 0.009634, 1.021340, -0.047659, -0.089515
23, 26, 0.999800, -0.006315, 0.018645, 0.003516, 1.034550, -0.005501, -0.054741
23, 27, 0.999565, -0.007292, 0.028499, 0.002179, 2.049100, -0.020152, -0.100545
24, 25, 0.999854, 0.007340, 0.010257, 0.011511, 1.029190, 0.009535, -0.043939
24, 26, 0.986945, -0.159711, 0.019747, 0.006440, 1.028720, 0.061032, -0.033112
25, 26, 0.985929, -0.166981, 0.007047, -0.003426, 0.003429, 0.076618, 0.026887
25, 27, 0.985855, -0.166624, 0.017854, -0.002732, 1.014320, 0.072426, 0.000545
25, 28, 0.999832, -0.003474, 0.017876, 0.002263, 1.010320, 0.001575, -0.026793
25, 29, 0.999962, -0.004747, 0.007207, -0.000757, 1.987070, 0.000259, -0.085368
25, 30, 0.999860, -0.004221, 0.016213, -0.000352, 1.910180, 0.003638, -0.172973
25, 32, 0.986360, -0.164581, -0.002732, -0.000565, 2.034780, 0.049785, -0.037227
26, 27, 0.999942, -0.000753, 0.010683, -0.000914, 1.010410, -0.010247, -0.024943
26, 28, 0.986413, 0.163856, 0.011460, 0.003128, 1.003300, -0.061111, -0.075658
26, 29, 0.986097, 0.166117, 0.003819, 0.002050, 1.961740, -0.042417, -0.133577
26, 30, 0.986014, 0.166167, 0.012776, 0.001195, 1.884230, -0.041168, -0.219582
26, 32, 0.999986, 0.003023, -0.002996, 0.003273, 1.995850, -0.025956, -0.071753
27, 28, 0.986334, 0.164740, -0.000589, 0.002332, 0.000448, -0.063472, -0.049975
27, 29, 0.986504, 0.163408, -0.010228, 0.001769, 0.969333, -0.058965, -0.128567
27, 30, 0.986409, 0.164277, -0.003024, 0.001074, 0.901669, -0.054553, -0.197062
27, 31, 0.999727, 0.001840, -0.023110, 0.002909, 1.862460, -0.064928, -0.182399
27, 32, 0.999906, 0.003864, -0.012367, 0.004405, 0.977864, -0.024049, -0.074817
28, 29, 0.999944, -0.001783, -0.010051, -0.002638, 0.972219, 0.002125, -0.079819
28, 30, 0.999994, -0.001254, -0.002644, -0.002099, 0.904191, 0.004801, -0.148836
28, 31, 0.986222, -0.164215, -0.019704, -0.003349, 1.847270, 0.002669, -0.165743
28, 32, 0.987024, -0.160154, -0.011592, -0.000165, 0.972827, 0.055812, -0.049045
29, 30, 0.999972, 0.000586, 0.007395, 0.000531, -0.066769, 0.001764, -0.054805
29, 31, 0.986919, -0.160907, -0.009621, -0.002724, 0.873150, 0.036363, -0.105535
29, 32, 0.987146, -0.159816, -0.001190, 0.000561, 0.000036, 0.069779, 0.025874
30, 31, 0.986722, -0.161510, -0.017005, -0.002084, 0.938225, 0.052126, -0.051099
30, 32, 0.987029, -0.160307, -0.008600, 0.001208, 0.065978, 0.086193, 0.079371
31, 32, 0.999951, 0.002149, 0.009569, 0.001636, -0.874435, 0.035276, 0.146097
31, 33, 0.986975, 0.159396, 0.021285, -0.004571, 1.455200, -0.066109, 0.135164
31, 34, 0.999816, -0.002485, 0.018179, -0.005648, 1.462900, 0.048914, 0.174277
31, 35, 0.995581, -0.004554, -0.090160, 0.025876, 2.328040, 0.177448, 0.593507
31, 36, 0.982279, 0.157011, -0.101714, 0.011409, 2.309300, -0.069860, 0.623699
31, 37, 0.958828, 0.152304, -0.237402, 0.033051, 2.803730, -0.074114, 1.374950
31, 38, 0.970862, -0.001570, -0.229512, 0.068910, 2.804220, 0.409347, 1.353510
33, 34, 0.987062, -0.160335, -0.000446, 0.001189, -0.001383, 0.072452, 0.026513
33, 35, 0.980382, -0.161098, -0.112592, 0.014902, 0.935901, 0.110743, 0.136071
33, 36, 0.992422, -0.003664, -0.122757, -0.004069, 0.928026, -0.003583, 0.133702
33, 37, 0.966283, -0.003631, -0.257427, -0.004007, 1.599310, -0.003898, 0.522034
33, 38, 0.953866, -0.153866, -0.255382, 0.035286, 1.602930, 0.230485, 0.526719
33, 39, 0.911656, -0.145277, -0.380307, 0.056073, 2.253280, 0.398845, 0.985229
33, 40, 0.923473, -0.003991, -0.383612, -0.004918, 2.263670, -0.002798, 1.005850
34, 35, 0.993595, -0.002227, -0.108480, 0.031566, 0.947612, 0.035735, 0.110943
34, 36, 0.980203, 0.155463, -0.121756, 0.014425, 0.942620, -0.065404, 0.088261
34, 37, 0.954428, 0.150767, -0.255037, 0.035958, 1.627750, -0.069741, 0.482907
34, 38, 0.966335, 0.000466, -0.246266, 0.074501, 1.628050, 0.155367, 0.506860
34, 39, 0.923083, -0.000430, -0.367333, 0.113944, 2.293740, 0.310945, 0.978830
35, 36, 0.987321, 0.158442, -0.009684, 0.000471, -0.002499, -0.065209, -0.047286
35, 37, 0.976699, 0.156028, -0.145628, 0.022523, 0.758568, -0.068108, 0.096550
35, 38, 0.989182, 0.002224, -0.139901, 0.044069, 0.756187, 0.039103, 0.138693
35, 39, 0.960311, 0.000223, -0.265827, 0.084495, 1.560940, 0.123510, 0.405908
35, 40, 0.948830, 0.150189, -0.274566, 0.042176, 1.565510, -0.070571, 0.374510
36, 37, 0.990508, -0.000898, -0.137451, 0.000402, 0.745666, -0.003093, 0.142242
36, 38, 0.978256, -0.155165, -0.136030, 0.020868, 0.748479, 0.113812, 0.162097
36, 39, 0.950534, -0.153085, -0.267214, 0.040582, 1.542170, 0.195977, 0.426555
36, 40, 0.963383, -0.002130, -0.268121, -0.000495, 1.540740, -0.003713, 0.414712
37, 38, 0.987825, -0.155566, 0.000057, -0.000706, 0.000302, 0.074484, 0.025040
37, 39, 0.978426, -0.156051, -0.133991, 0.019433, 0.860991, 0.098338, 0.104027
37, 40, 0.990978, -0.001103, -0.134014, -0.000891, 0.863478, 0.000022, 0.081476
37, 41, 0.971134, -0.005103, -0.238472, -0.002099, 1.492040, 0.001415, 0.219609
37, 42, 0.958620, -0.156456, -0.235663, 0.032135, 1.496920, 0.135966, 0.236225
38, 39, 0.990782, -0.001824, -0.129157, 0.040831, 0.872909, 0.025379, 0.080269
38, 40, 0.979032, 0.153025, -0.132879, 0.020582, 0.877713, -0.062987, 0.036460
38, 41, 0.959957, 0.145735, -0.236620, 0.035414, 1.517390, -0.063381, 0.180192
38, 42, 0.971420, -0.005490, -0.226992, 0.069192, 1.514550, 0.062833, 0.213944
39, 40, 0.987724, 0.156203, 0.001190, 0.000302, 0.004256, -0.063197, -0.045203
39, 41, 0.982814, 0.151359, -0.104577, 0.015213, 0.682495, -0.061225, -0.084108
39, 42, 0.994564, -0.003313, -0.100045, 0.028691, 0.680642, -0.012521, -0.036344
39, 43, 0.975552, -0.026245, -0.206799, 0.069592, 1.729380, 0.107172, 0.294417
39, 44, 0.967601, 0.124574, -0.215999, 0.039677, 1.734990, -0.039701, 0.273991
40, 41, 0.994281, -0.003917, -0.106712, -0.001608, 0.668198, 0.002794, -0.041736
40, 42, 0.981718, -0.158510, -0.104634, 0.012481, 0.668215, 0.061572, -0.014966
40, 44, 0.975005, -0.027998, -0.220353, 0.005174, 1.709470, 0.025752, 0.309158
41, 42, 0.987873, -0.155243, 0.001209, -0.002277, -0.001051, 0.075201, 0.026114
41, 43, 0.977445, -0.177004, -0.113520, 0.019616, 1.053620, 0.144402, 0.209095
41, 44, 0.992990, -0.025006, -0.115428, 0.004701, 1.052230, 0.014755, 0.198132
41, 45, 0.965623, 0.019164, -0.258841, 0.014341, 2.367640, -0.002577, 0.604827
41, 46, 0.956697, -0.129199, -0.255352, 0.053232, 2.375500, 0.243338, 0.609849
42, 43, 0.992953, -0.023753, -0.109234, 0.039349, 1.062640, 0.066089, 0.186742
42, 44, 0.984659, 0.129234, -0.114616, 0.024683, 1.065780, -0.050965, 0.155217
42, 46, 0.965037, 0.021219, -0.243691, 0.094167, 2.396530, 0.175012, 0.584192
43, 44, 0.988183, 0.153260, -0.000416, 0.002578, 0.002973, -0.064004, -0.045262
43, 45, 0.970172, 0.191689, -0.141830, 0.043654, 1.441550, -0.092814, 0.062579
43, 46, 0.987960, 0.043036, -0.134272, 0.063670, 1.442530, 0.006369, 0.114479
44, 45, 0.988191, 0.042472, -0.146045, 0.018609, 1.422920, -0.025876, 0.112103
44, 46, 0.982994, -0.109338, -0.142052, 0.039854, 1.424720, 0.073098, 0.141251
44, 47, 0.988669, -0.079573, -0.121553, 0.037776, 2.486670, 0.031942, -0.087374
44, 48, 0.989253, 0.071623, -0.125965, 0.019521, 2.479540, 0.005031, -0.114252
45, 46, 0.988261, -0.152772, -0.000162, -0.000965, -0.000893, 0.067572, 0.025680
45, 47, 0.992094, -0.123463, 0.022430, 0.001859, 1.052700, 0.032867, -0.141287
45, 48, 0.999380, 0.027598, 0.021066, 0.005826, 1.050880, 0.014497, -0.167330
46, 47, 0.999308, 0.029632, 0.022498, -0.000363, 1.053480, -0.032455, -0.169243
46, 48, 0.983279, 0.180702, 0.022207, 0.004010, 1.048070, -0.035214, -0.213438
47, 48, 0.988367, 0.152081, -0.000936, 0.000857, -0.000864, -0.053843, -0.043423
47, 49, 0.987239, 0.155581, -0.019810, -0.027606, 1.200700, -0.092014, 0.155135
47, 50, 0.999495, -0.001190, -0.019930, -0.024733, 1.204240, 0.035845, 0.194404
47, 51, 0.998422, -0.004270, -0.048115, -0.028624, 2.474560, 0.025488, 0.271724
48, 49, 0.999411, 0.006153, -0.013589, -0.030912, 1.200260, -0.025313, 0.202975
48, 50, 0.987755, -0.152658, -0.015028, -0.028466, 1.208230, 0.102792, 0.219021
49, 50, 0.987426, -0.158032, 0.003867, -0.000589, 0.002815, 0.069768, 0.025317
49, 52, 0.999674, -0.001301, -0.021815, -0.013171, 1.291710, 0.001503, 0.011196
49, 53, 0.998812, 0.016665, -0.035177, -0.029329, 2.554120, -0.033754, 0.059002
50, 51, 0.999575, -0.003237, -0.028720, -0.003930, 1.289200, 0.000440, 0.011077
51, 52, 0.987405, 0.158213, 0.000181, 0.000420, 0.000682, -0.064042, -0.047615
51, 53, 0.984527, 0.173797, -0.018962, -0.011888, 1.287910, -0.069156, -0.025053
51, 54, 0.998868, 0.017934, 0.035960, -0.025441, 1.308680, -0.043281, -0.113873
52, 53, 0.999598, 0.015770, -0.017643, -0.015610, 1.292870, -0.007438, 0.023954
52, 54, 0.989318, -0.139096, 0.038568, -0.020380, 1.320830, 0.038442, -0.087203
52, 56, 0.999103, 0.040986, 0.006398, -0.008466, 2.266710, 0.012953, -0.252857
53, 54, 0.986152, -0.154974, 0.058642, -0.006937, 0.032228, 0.071345, 0.037931
53, 55, 0.991256, -0.129591, 0.024241, 0.005399, 0.966004, 0.003995, -0.174694
53, 56, 0.999365, 0.024869, 0.024194, 0.008113, 0.971512, -0.004399, -0.212620
54, 55, 0.999013, 0.026316, -0.031897, 0.016219, 0.934919, -0.066013, -0.217737
54, 56, 0.982825, 0.181457, -0.032106, 0.009891, 0.933991, -0.049163, -0.274827
55, 56, 0.987834, 0.155501, 0.001489, -0.001005, 0.002798, -0.052540, -0.043994
55, 57, 0.982333, 0.183563, 0.024656, 0.026794, 1.625630, 0.058976, -0.095170
55, 58, 0.998930, 0.025692, 0.035218, 0.015423, 1.643420, 0.041180, -0.096490
56, 57, 0.999103, 0.025745, 0.015238, 0.029971, 1.641630, 0.092428, -0.049552
56, 58, 0.990542, -0.131848, 0.031544, 0.021152, 1.637470, 0.091510, -0.067712
57, 58, 0.987961, -0.154227, 0.009895, -0.006995, 0.006916, 0.065563, 0.033403
57, 59, 0.994829, -0.091383, -0.034374, -0.027974, 1.184680, 0.048221, 0.052454
57, 60, 0.997157, 0.052608, -0.042487, -0.033239, 1.182270, -0.022954, 0.043624
58, 59, 0.996723, 0.063838, -0.047543, -0.014404, 1.180000, -0.005368, 0.009645
58, 60, 0.976446, 0.207533, -0.055500, -0.020057, 1.167390, -0.054131, -0.014669
59, 60, 0.989615, 0.143331, -0.010858, 0.000941, -0.009843, -0.052753, -0.046527
59, 61, 0.991594, 0.124574, 0.034959, -0.001088, 1.208160, -0.043257, 0.173976
59, 62, 0.999112, -0.027208, 0.031485, -0.006549, 1.207310, 0.068111, 0.208525
59, 63, 0.990142, -0.126507, -0.059631, -0.007735, 1.767080, 0.488210, 1.320680
59, 64, 0.999228, 0.024106, -0.026832, -0.015555, 1.847870, 0.038797, 1.252740
60, 61, 0.998869, -0.019110, 0.043390, 0.003705, 1.235210, 0.009578, 0.219299
60, 62, 0.984360, -0.171017, 0.042117, -0.003743, 1.225130, 0.127669, 0.236330
60, 64, 0.992699, -0.118026, -0.014341, -0.020340, 1.864880, 0.106999, 1.287030
61, 62, 0.988533, -0.150984, -0.002516, -0.000949, -0.002826, 0.061905, 0.022356
61, 63, 0.965487, -0.243520, -0.091819, -0.010106, 0.606890, 0.444420, 0.919865
61, 64, 0.993064, -0.099539, -0.059711, -0.018735, 0.672349, 0.086101, 0.925904
61, 65, 0.996782, -0.060709, -0.004462, -0.052157, 1.734290, -0.091666, 0.830855
61, 66, 0.976759, -0.208196, -0.003876, -0.050802, 1.762270, 0.221254, 0.805420
62, 63, 0.991103, -0.098661, -0.089253, 0.003888, 0.610400, 0.357319, 0.915560
62, 64, 0.996983, 0.050010, -0.058674, -0.009010, 0.672865, 0.017330, 0.899303
62, 65, 0.994636, 0.090225, -0.008599, -0.049846, 1.723950, -0.150005, 0.794956
62, 66, 0.996787, -0.063033, -0.005832, -0.049076, 1.734700, 0.128551, 0.793201
63, 64, 0.988471, 0.148448, 0.029689, -0.002477, 0.008541, -0.060943, -0.043409
63, 65, 0.977707, 0.191311, 0.074696, -0.043712, 0.970042, -0.100975, -0.075322
63, 66, 0.994543, 0.042409, 0.076353, -0.057061, 0.969612, -0.062026, -0.040663
64, 65, 0.997232, 0.042470, 0.049374, -0.035870, 0.982918, -0.047122, -0.026145
64, 66, 0.991615, -0.108416, 0.054633, -0.044284, 0.969292, -0.001609, -0.006313
65, 66, 0.988565, -0.150473, 0.009793, -0.001083, -0.001170, 0.056068, 0.023571
65, 67, 0.967318, -0.216642, 0.005972, 0.131626, 1.578930, 0.332684, 0.115159
65, 68, 0.987896, -0.069251, 0.022513, 0.136965, 1.592060, 0.220810, 0.040522
65, 69, 0.994179, -0.072702, -0.005694, 0.079315, 2.596440, -0.001184, 0.323740
65, 70, 0.970925, -0.225585, 0.016791, 0.078317, 2.588820, 0.112544, 0.334393
66, 67, 0.988489, -0.070125, 0.019238, 0.132676, 1.576510, 0.251815, 0.098238
66, 68, 0.986952, 0.082443, 0.034834, 0.133847, 1.592640, 0.176932, 0.006947
66, 69, 0.993341, 0.081594, -0.000864, 0.081339, 2.584820, -0.028528, 0.287710
66, 70, 0.994098, -0.072365, 0.018639, 0.078642, 2.600180, 0.084608, 0.315673
67, 68, 0.988272, 0.147985, 0.037580, -0.002570, -0.004101, -0.048982, -0.046333
67, 69, 0.987278, 0.150078, -0.005384, -0.052248, 1.009780, -0.088458, 0.127394
67, 70, 0.998499, -0.000855, -0.008027, -0.054167, 1.035910, 0.018553, 0.202782
68, 69, 0.997840, 0.000227, -0.035011, -0.055579, 1.015890, -0.040199, 0.174819
68, 70, 0.986160, -0.153497, -0.036246, -0.051126, 1.030320, 0.054710, 0.231259
68, 72, 0.999276, 0.016258, -0.028977, -0.018519, 2.341590, 0.080081, 0.160624
69, 70, 0.988608, -0.150295, 0.007653, -0.002474, 0.008191, 0.076963, 0.070718
69, 71, 0.990437, -0.132970, 0.012690, 0.034541, 1.297980, 0.098516, -0.005344
69, 72, 0.999151, 0.015876, 0.005057, 0.037667, 1.324150, 0.055914, -0.005421
69, 73, 0.999940, 0.006515, -0.002863, 0.008359, 2.588500, -0.012341, 0.005883
69, 74, 0.989662, -0.143115, -0.003061, 0.008780, 2.603880, 0.041761, 0.037075
70, 71, 0.999101, 0.019302, 0.007198, 0.037048, 1.320420, 0.041647, -0.065677
70, 72, 0.985271, 0.166326, 0.002897, 0.039610, 1.320400, 0.008273, -0.093364
70, 73, 0.987533, 0.156425, -0.012524, 0.012397, 2.607760, -0.065790, -0.070618
70, 74, 0.999827, 0.009097, -0.009418, 0.013227, 2.599030, -0.017385, -0.027370
71, 72, 0.989055, 0.147534, 0.001342, 0.001676, -0.000551, -0.054853, -0.040468
71, 73, 0.989982, 0.138346, -0.011987, -0.025539, 1.269160, -0.046648, -0.045391
71, 74, 0.999522, -0.010273, -0.016120, -0.024282, 1.273680, 0.000813, -0.006694
71, 75, 0.999384, -0.019092, -0.020487, -0.021132, 2.760280, -0.002432, 0.013483
71, 76, 0.990809, 0.132044, -0.017564, -0.023512, 2.726830, -0.031579, 0.000836
72, 73, 0.999486, -0.009834, -0.008883, -0.029183, 1.270490, 0.003814, -0.008070
72, 74, 0.986989, -0.157669, -0.014351, -0.028061, 1.282720, 0.065048, 0.015673
72, 76, 0.999307, -0.016392, -0.017597, -0.028397, 2.754040, 0.016087, 0.035362
73, 74, 0.989024, -0.147750, -0.000048, -0.000795, 0.002231, 0.067871, 0.022477
73, 75, 0.987816, -0.155493, -0.006193, 0.001548, 1.504600, 0.067235, 0.033563
73, 76, 0.999919, -0.008670, -0.009330, 0.000807, 1.488180, -0.004962, 0.026498
73, 77, 0.999485, -0.028946, 0.012963, 0.004847, 2.816650, 0.042166, -0.070134
74, 75, 0.999945, -0.008197, -0.005825, 0.002824, 1.502640, -0.003671, 0.010210
74, 76, 0.990202, 0.139426, -0.007158, 0.002901, 1.470550, -0.061674, -0.012855
75, 76, 0.989000, 0.147847, -0.004392, 0.001273, -0.003936, -0.052881, -0.040363
75, 77, 0.992166, 0.124023, 0.014781, 0.002669, 1.347370, -0.047589, -0.053309
75, 78, 0.999616, -0.022917, 0.015548, -0.000858, 1.340230, 0.000317, -0.014587
75, 79, 0.999794, -0.005876, -0.019054, 0.003827, 2.784100, -0.093115, -0.144648
76, 77, 0.999495, -0.024076, 0.020390, 0.003825, 1.339560, 0.006729, -0.019983
76, 78, 0.985151, -0.170539, 0.019840, -0.000360, 1.346440, 0.061997, 0.003639
76, 79, 0.987502, -0.157181, -0.011537, -0.000271, 2.756540, -0.061487, -0.137476
76, 80, 0.999912, -0.007576, -0.010772, -0.001325, 2.753130, -0.040162, -0.179799
77, 78, 0.989254, -0.146204, -0.000501, -0.001234, 0.003035, 0.069583, 0.023148
77, 79, 0.991049, -0.129002, -0.034336, -0.000844, 1.437530, -0.036600, -0.198385
77, 80, 0.999346, 0.015787, -0.032225, -0.004404, 1.421370, -0.039757, -0.242492
77, 81, 0.999525, -0.007393, -0.028063, 0.010349, 2.745920, 0.013922, -0.307167
78, 79, 0.999338, 0.016486, -0.032002, 0.005250, 1.423470, -0.111656, -0.226300
78, 80, 0.986111, 0.163320, -0.030149, 0.001507, 1.404630, -0.084966, -0.283737
79, 80, 0.989253, 0.146204, -0.000428, 0.001746, 0.002001, -0.054494, -0.040907
79, 81, 0.992494, 0.121224, 0.005461, 0.015180, 1.327750, -0.042151, -0.085642
79, 82, 0.999528, -0.026805, 0.004434, 0.014324, 1.329160, 0.001004, -0.038808
79, 84, 0.990570, 0.136992, 0.001463, 0.001434, 2.407530, -0.071476, -0.285989
80, 81, 0.999577, -0.025196, 0.004571, 0.013795, 1.319500, 0.013980, -0.050127
80, 82, 0.984980, -0.172153, 0.004276, 0.012643, 1.315050, 0.068113, -0.024481
80, 84, 0.999915, -0.011959, 0.005130, -0.000287, 2.384080, -0.035098, -0.259521
81, 82, 0.989035, -0.147648, -0.003156, -0.000355, 0.000336, 0.066812, 0.023913
81, 83, 0.991186, -0.131623, -0.004605, -0.014287, 1.084980, 0.003203, -0.172742
81, 84, 0.999798, 0.013775, -0.000229, -0.014610, 1.069570, -0.008888, -0.208077
81, 85, 0.999377, 0.031193, 0.015285, -0.006315, 2.385590, 0.046691, -0.343507
82, 83, 0.999790, 0.015316, -0.002497, -0.013408, 1.074730, -0.069580, -0.199881
82, 84, 0.986810, 0.161306, 0.000946, -0.013619, 1.065830, -0.064528, -0.251075
83, 84, 0.989416, 0.145104, 0.000398, 0.000286, -0.001970, -0.063812, -0.041430
83, 85, 0.987401, 0.157434, 0.014279, 0.007015, 1.333190, -0.065497, -0.140557
83, 86, 0.999813, 0.009669, 0.015946, 0.005139, 1.332950, -0.030067, -0.096089
84, 85, 0.999801, 0.012984, 0.012820, 0.008106, 1.334420, -0.000328, -0.095368
84, 86, 0.990759, -0.134869, 0.012623, 0.006892, 1.346600, 0.048066, -0.066484
85, 86, 0.988893, -0.148630, 0.000455, 0.000264, 0.000402, 0.069355, 0.024895
85, 87, 0.986456, -0.162546, 0.019592, -0.009976, 1.207900, 0.075465, 0.037093
85, 88, 0.999569, -0.016988, 0.022584, -0.007926, 1.197210, -0.008632, 0.010891
86, 87, 0.999562, -0.017506, 0.019818, -0.013257, 1.187570, -0.015343, 0.010863
86, 88, 0.991075, 0.131379, 0.019855, -0.010757, 1.198870, -0.071270, -0.029274
87, 88, 0.989202, 0.146561, -0.000136, -0.000394, 0.000621, -0.064159, -0.042890
87, 89, 0.987924, 0.147052, 0.047382, -0.011700, 1.379050, -0.079366, -0.133804
87, 90, 0.999004, -0.004339, 0.040882, -0.017356, 1.400520, -0.051971, -0.080591
88, 89, 0.998823, -0.000508, 0.048268, -0.004744, 1.385990, -0.022773, -0.091417
88, 90, 0.987637, -0.150640, 0.041937, -0.011031, 1.411340, 0.021911, -0.059601
89, 90, 0.988608, -0.150512, -0.000726, -0.000664, 0.000084, 0.071595, 0.025399
89, 91, 0.984980, -0.165269, -0.049847, -0.003966, 1.068690, 0.090751, 0.074346
89, 92, 0.998602, -0.018474, -0.048455, -0.010244, 1.066580, 0.003830, 0.054854
89, 93, 0.997734, 0.019536, -0.063699, 0.009364, 2.175090, 0.056285, 0.229775
89, 94, 0.989128, -0.132050, -0.061748, 0.019372, 2.186510, 0.193943, 0.225570
90, 91, 0.998633, -0.015346, -0.049775, 0.004444, 1.075750, 0.016990, 0.053545
90, 92, 0.989886, 0.132775, -0.049945, -0.001684, 1.076520, -0.053259, 0.016425
91, 92, 0.989033, 0.147688, 0.000116, 0.001234, 0.000334, -0.060403, -0.042352
91, 93, 0.982999, 0.181418, -0.013246, 0.024987, 1.124840, -0.060607, 0.091034
91, 94, 0.999066, 0.032837, -0.007793, 0.026967, 1.124580, 0.055130, 0.129470
92, 93, 0.998964, 0.037052, -0.015409, 0.021473, 1.112760, 0.012906, 0.140517
92, 94, 0.992977, -0.115304, -0.011241, 0.023963, 1.117430, 0.121630, 0.155354
93, 94, 0.988446, -0.151568, 0.000885, 0.000160, 0.003038, 0.070374, 0.027106
93, 95, 0.991798, -0.127064, 0.006714, -0.012110, 1.184370, 0.036703, -0.061481
93, 96, 0.999703, 0.020592, 0.009055, -0.009380, 1.180800, -0.004880, -0.091455
94, 95, 0.999617, 0.023947, 0.004934, -0.012945, 1.172100, -0.036394, -0.093313
94, 96, 0.985033, 0.171906, 0.007110, -0.010405, 1.172720, -0.061400, -0.140103
95, 96, 0.988531, 0.151005, 0.000175, 0.001989, 0.000972, -0.041371, -0.039698
95, 97, 0.982402, 0.163712, 0.021682, -0.087262, 1.165290, -0.113567, -0.003790
95, 98, 0.995865, 0.014869, 0.001290, -0.089615, 1.183580, -0.052500, 0.063853
95, 99, 0.997484, 0.002040, -0.002320, -0.070831, 2.262910, 0.012778, 0.088314
96, 97, 0.995647, 0.015582, 0.033450, -0.085583, 1.183540, -0.062883, 0.039645
96, 98, 0.987011, -0.131926, 0.015595, -0.090343, 1.188690, 0.019568, 0.087083
97, 98, 0.988821, -0.149071, -0.003209, -0.001188, -0.003729, 0.065322, 0.021359
97, 99, 0.986940, -0.159779, -0.011630, 0.016871, 1.091070, 0.096927, 0.034837
97, 100, 0.999663, -0.013737, -0.014746, 0.016354, 1.096010, 0.020901, 0.017831
98, 99, 0.999714, -0.013155, -0.005218, 0.019288, 1.094870, 0.018667, 0.015362
98, 100, 0.990599, 0.135258, -0.006451, 0.019406, 1.087760, -0.036766, -0.020806
99, 100, 0.989086, 0.147327, 0.000638, 0.001685, -0.001680, -0.058869, -0.042726
99, 102, 0.997574, -0.016228, 0.059841, 0.031666, 1.466310, 0.056597, 0.049669
100, 101, 0.997592, -0.015812, 0.049485, 0.045956, 1.452090, 0.041895, 0.060574
100, 102, 0.984561, -0.162321, 0.053451, 0.037862, 1.469370, 0.130101, 0.068268
101, 102, 0.988983, -0.148028, 0.000378, -0.000942, -0.000350, 0.068114, 0.025168
101, 103, 0.988265, -0.152121, -0.013335, 0.003599, 1.290320, 0.056960, -0.002410
101, 104, 0.999911, -0.005070, -0.012161, 0.002258, 1.281350, -0.002025, -0.027008
102, 103, 0.999892, -0.005033, -0.012120, 0.006555, 1.287120, -0.016708, -0.027349
102, 104, 0.989482, 0.144033, -0.012274, 0.005325, 1.285220, -0.053893, -0.068283
103, 104, 0.989170, 0.146772, 0.000152, 0.001154, 0.000294, -0.061561, -0.043492
104, 105, 0.999919, 0.002771, -0.005181, 0.011292, 1.358240, 0.018097, -0.107576
105, 106, 0.989016, -0.147801, -0.000138, -0.001184, -0.001767, 0.074439, 0.024198
105, 107, 0.989454, -0.144487, -0.009966, -0.002138, 1.204770, 0.045764, 0.027214
105, 108, 0.999933, 0.005847, -0.009676, -0.002362, 1.205430, -0.012739, -0.000641
105, 109, 0.999883, 0.009609, -0.011804, 0.001164, 2.405810, 0.000394, -0.059951
106, 107, 0.999925, 0.005604, -0.010782, 0.001293, 1.212270, -0.013460, 0.005049
106, 108, 0.987621, 0.156500, -0.010593, 0.001047, 1.211860, -0.058219, -0.038912
107, 108, 0.988895, 0.148607, 0.000436, 0.001350, -0.000744, -0.061230, -0.043600
107, 109, 0.988199, 0.153018, 0.004354, 0.005410, 1.167490, -0.051752, -0.106922
107, 110, 0.999637, 0.000048, 0.026922, -0.001318, 1.164750, -0.037469, -0.103323
108, 109, 0.999983, 0.003174, 0.002373, 0.004321, 1.173380, 0.001662, -0.064943
108, 110, 0.988519, -0.149040, 0.024814, 0.001196, 1.176780, 0.030897, -0.079196
109, 110, 0.988178, -0.151312, 0.024445, -0.003472, -0.007185, 0.071570, 0.040737
109, 111, 0.971441, -0.108728, -0.195110, 0.080075, 2.315780, 0.276437, 0.178370
110, 111, 0.971096, 0.043079, -0.204246, 0.115760, 2.353960, 0.228215, 0.144118
111, 112, 0.968185, 0.004899, 0.241640, -0.064842, 0.070257, 0.017444, 0.070921
112, 113, 0.998748, 0.015333, -0.029108, -0.037677, 1.453920, 0.193617, 1.028930
112, 114, 0.985351, 0.164085, -0.024226, -0.039667, 1.458050, -0.154271, 1.000470
113, 114, 0.988971, 0.148088, -0.000236, 0.002297, 0.001534, -0.048038, -0.042617
113, 115, 0.992414, 0.110774, -0.053050, 0.005349, 1.127150, -0.034468, 0.447917
113, 116, 0.998519, -0.042156, -0.033379, 0.008225, 1.156730, 0.158140, 0.435212
113, 117, 0.997612, -0.030975, -0.060244, 0.013498, 2.313580, 0.188432, 0.621929
113, 118, 0.990843, 0.120234, -0.061217, 0.005159, 2.310230, -0.052610, 0.605925
114, 115, 0.997932, -0.035424, -0.053414, -0.004894, 1.125980, 0.028475, 0.488468
114, 116, 0.981247, -0.189465, -0.035456, 0.000653, 1.161740, 0.218791, 0.458593
114, 117, 0.982078, -0.178736, -0.059775, 0.001708, 2.299010, 0.243880, 0.638839
114, 118, 0.997779, -0.025425, -0.061244, -0.006241, 2.307070, 0.011668, 0.648212
115, 116, 0.988114, -0.152573, 0.018483, -0.003368, 0.014717, 0.070544, 0.038263
115, 117, 0.989998, -0.140745, -0.009730, -0.000467, 1.202710, 0.100181, 0.163335
115, 118, 0.999914, 0.009171, -0.009399, -0.000612, 1.199790, -0.011787, 0.141276
115, 119, 0.999788, -0.005359, -0.014467, -0.013656, 2.316180, -0.041494, 0.424483
115, 120, 0.987742, -0.154761, -0.015946, -0.012708, 2.331990, 0.141947, 0.435826
116, 117, 0.999582, 0.011246, -0.025728, 0.006886, 1.177480, 0.025375, 0.122313
116, 118, 0.986534, 0.161282, -0.026869, 0.004168, 1.180480, -0.068529, 0.081319
116, 119, 0.988596, 0.145993, -0.036193, -0.007371, 2.312380, -0.104447, 0.369434
116, 120, 0.999423, -0.002959, -0.033611, -0.004027, 2.303340, 0.067681, 0.398396
117, 118, 0.988589, 0.150629, -0.000269, 0.001432, 0.001999, -0.056361, -0.043919
117, 119, 0.990766, 0.134907, -0.008227, -0.010748, 1.127040, -0.070522, 0.226644
117, 120, 0.999783, -0.015368, -0.008253, -0.011405, 1.129050, 0.054346, 0.255573
118, 119, 0.999770, -0.015250, -0.006921, -0.013430, 1.133020, -0.008610, 0.269748
118, 120, 0.986427, -0.163430, -0.007449, -0.014055, 1.138990, 0.139081, 0.281246
119, 120, 0.988801, -0.149218, 0.001814, -0.002037, 0.001415, 0.066435, 0.024002
119, 121, 0.979409, -0.168826, 0.110697, -0.001623, 1.197880, 0.055662, -0.061283
119, 122, 0.993674, -0.019171, 0.109508, 0.015862, 1.195470, 0.018794, -0.084273
119, 123, 0.996192, -0.021926, 0.083883, 0.009153, 2.208260, -0.004142, 0.006395
120, 121, 0.993777, -0.020732, 0.108293, -0.015801, 1.185010, -0.013110, -0.081354
120, 122, 0.985249, 0.130129, 0.111123, 0.001591, 1.169990, -0.035204, -0.120742
120, 123, 0.988066, 0.130954, 0.081100, -0.000651, 2.212240, -0.033888, -0.025591
120, 124, 0.996366, -0.022911, 0.080938, -0.013353, 2.208910, -0.014407, 0.007231
121, 122, 0.988596, 0.150586, -0.000501, 0.001171, 0.001583, -0.057805, -0.043979
121, 123, 0.988558, 0.147791, -0.030163, -0.000056, 1.036650, -0.064294, -0.019999
121, 124, 0.999540, -0.001246, -0.030106, 0.003313, 1.042780, -0.001262, 0.023080
121, 125, 0.998597, -0.019768, -0.046345, 0.016293, 2.387200, 0.012104, 0.003833
121, 126, 0.990250, 0.130887, -0.046575, 0.010256, 2.377620, -0.027165, -0.031308
122, 123, 0.999509, -0.002364, -0.030658, -0.006013, 1.045540, -0.003777, 0.024515
122, 124, 0.988083, -0.150827, -0.030611, -0.002611, 1.046510, 0.073688, 0.047172
122, 125, 0.984580, -0.167889, -0.048625, 0.007193, 2.390910, 0.095715, 0.029839
122, 126, 0.998585, -0.020179, -0.049179, 0.001533, 2.389750, 0.027516, 0.012254
122, 127, 0.998141, -0.019537, -0.056367, 0.012459, 3.373340, 0.089442, -0.083657
123, 124, 0.988749, -0.149579, 0.000742, -0.001256, -0.000198, 0.064880, 0.024724
123, 125, 0.985808, -0.166635, -0.018728, 0.008098, 1.357000, 0.063331, -0.028026
123, 126, 0.999614, -0.018291, -0.019732, 0.006955, 1.356640, 0.013950, -0.050410
123, 127, 0.999260, -0.017330, -0.029507, 0.017569, 2.361740, 0.057736, -0.156432
123, 128, 0.985547, -0.165973, -0.027269, 0.020142, 2.373540, 0.067363, -0.142855
123, 129, 0.983581, -0.149524, -0.100905, -0.005320, 3.417100, -0.009022, 0.278278
123, 130, 0.995230, 0.000561, -0.095814, -0.018353, 3.391340, -0.116729, 0.217268
123, 131, 0.967696, -0.016865, -0.251537, -0.002841, 4.253350, 0.011331, 1.275660
124, 125, 0.999616, -0.017792, -0.017320, 0.012278, 1.355190, -0.005760, -0.049701
124, 126, 0.991110, 0.131302, -0.018268, 0.011302, 1.351950, -0.042910, -0.091533
124, 127, 0.990468, 0.133300, -0.025627, 0.023406, 2.353670, 0.010202, -0.196772
124, 128, 0.999250, -0.016674, -0.023896, 0.025518, 2.371110, 0.002504, -0.162070
124, 129, 0.994871, 0.000649, -0.100529, 0.011163, 3.419090, -0.062408, 0.257551
124, 130, 0.983820, 0.150755, -0.096780, -0.002001, 3.385370, -0.158940, 0.174288
125, 126, 0.988863, 0.148820, 0.000047, 0.001895, 0.002452, -0.057726, -0.043001
125, 127, 0.988631, 0.149428, -0.008408, 0.014451, 1.013610, -0.044425, -0.174405
125, 128, 0.999891, 0.000693, -0.006013, 0.013444, 1.014160, -0.030993, -0.130791
125, 129, 0.996513, 0.019452, -0.081134, 0.000888, 2.059510, -0.056306, 0.078553
125, 130, 0.982479, 0.168314, -0.079513, -0.009109, 2.051170, -0.116378, 0.017671
125, 131, 0.960995, 0.147921, -0.231521, 0.031710, 3.047670, -0.036908, 0.675870
125, 132, 0.972525, 0.001218, -0.223891, 0.063768, 3.051800, 0.212311, 0.680219
126, 127, 0.999882, 0.000693, -0.010758, 0.010924, 1.013520, 0.013451, -0.131984
126, 128, 0.988929, -0.147819, -0.007825, 0.010336, 1.009020, 0.038615, -0.107786
126, 129, 0.988252, -0.129243, -0.080462, -0.013444, 2.055040, 0.007282, 0.103209
126, 130, 0.996485, 0.019520, -0.078058, -0.023333, 2.054050, -0.067539, 0.061988
126, 131, 0.972308, 0.002726, -0.233622, -0.005485, 3.030450, 0.012779, 0.711251
126, 132, 0.962130, -0.141715, -0.231174, 0.027956, 3.033650, 0.289026, 0.699141
127, 128, 0.988952, -0.148218, 0.000469, -0.002094, 0.000961, 0.071197, 0.023356
127, 129, 0.988758, -0.128375, -0.072250, -0.025624, 1.041440, 0.065017, 0.084364
127, 130, 0.996889, 0.019467, -0.068330, -0.034112, 1.042320, -0.017785, 0.058487
127, 131, 0.974500, 0.004592, -0.223748, -0.016267, 2.065350, 0.032672, 0.391319
127, 132, 0.964720, -0.139016, -0.223009, 0.015997, 2.066410, 0.225637, 0.387589
127, 134, 0.943464, -0.006427, -0.327253, -0.052342, 3.203810, -0.239544, 1.061270
128, 129, 0.996883, 0.019605, -0.075387, -0.012509, 1.041760, -0.003960, 0.058037
128, 130, 0.982989, 0.167352, -0.072561, -0.021475, 1.039010, -0.073513, 0.013513
128, 131, 0.962823, 0.149401, -0.224227, 0.019322, 2.081590, -0.021966, 0.353600
128, 132, 0.974575, 0.003168, -0.218278, 0.050471, 2.082230, 0.140972, 0.367158
129, 130, 0.989050, 0.147567, -0.000299, 0.001910, 0.000270, -0.061945, -0.042967
129, 131, 0.979366, 0.125351, -0.153914, 0.037935, 1.114100, -0.043966, -0.021365
129, 132, 0.987317, -0.022514, -0.145912, 0.058380, 1.113280, 0.016345, 0.016183
130, 131, 0.987220, -0.020736, -0.157473, 0.012970, 1.100710, 0.016183, 0.015370
130, 132, 0.973281, -0.167663, -0.153059, 0.034434, 1.101150, 0.088798, 0.035323
130, 134, 0.964391, -0.032246, -0.261131, -0.026866, 2.339450, -0.189386, 0.485666
131, 132, 0.988837, -0.148989, 0.000561, -0.001751, 0.001054, 0.071093, 0.024037
131, 133, 0.981746, -0.151672, -0.112178, -0.024233, 1.273810, 0.018933, 0.285471
131, 134, 0.993441, -0.004172, -0.107496, -0.038756, 1.273130, -0.121940, 0.237001
132, 133, 0.993353, -0.003971, -0.114908, -0.005494, 1.278430, -0.052795, 0.262545
132, 134, 0.982964, 0.143643, -0.112790, -0.020643, 1.278740, -0.183440, 0.193266
132, 136, 0.960580, 0.008187, -0.275081, 0.039369, 2.156500, 0.071588, 0.717163
133, 134, 0.988917, 0.148459, -0.000043, 0.001728, 0.000462, -0.059733, -0.041998
133, 135, 0.971737, 0.161279, -0.170655, 0.024374, 1.055710, -0.063434, 0.014946
133, 136, 0.985290, 0.005155, -0.164620, 0.045582, 1.051530, 0.005961, 0.061926
133, 137, 0.973134, 0.015797, -0.219653, 0.067181, 1.992560, 0.023579, 0.096729
133, 138, 0.960311, 0.158480, -0.226711, 0.035902, 1.990960, -0.056124, 0.056238
133, 140, 0.944447, 0.010042, -0.310827, 0.106330, 3.044900, 0.166936, 0.428501
134, 135, 0.984988, 0.015711, -0.171884, -0.002779, 1.039330, -0.003340, 0.055753
134, 136, 0.975309, -0.140267, -0.169565, 0.018572, 1.037630, 0.079093, 0.082917
134, 137, 0.964718, -0.129105, -0.227115, 0.032694, 1.972550, 0.086916, 0.117572
134, 138, 0.973404, 0.014802, -0.228615, 0.000187, 1.967190, 0.004098, 0.094634
134, 139, 0.944549, 0.011671, -0.328016, 0.009785, 3.013530, 0.045472, 0.450329
134, 140, 0.935356, -0.131359, -0.323165, 0.058461, 3.016830, 0.223069, 0.444466
135, 136, 0.987564, -0.157115, 0.001029, -0.005610, -0.004390, 0.077194, 0.028107
135, 137, 0.987260, -0.147939, -0.057874, 0.009061, 0.945955, 0.041841, -0.053785
135, 138, 0.998265, -0.001413, -0.058834, 0.001802, 0.947681, 0.003098, -0.080017
135, 139, 0.986844, -0.005817, -0.161319, 0.009066, 2.047930, 0.028517, 0.068481
135, 140, 0.975025, -0.152953, -0.157833, 0.031947, 2.047660, 0.107686, 0.081083
135, 141, 0.961766, -0.150287, -0.223285, 0.050634, 2.996620, 0.229585, 0.331896
135, 142, 0.973832, -0.006587, -0.226401, 0.018742, 2.986620, 0.078319, 0.333078
136, 137, 0.998113, 0.009424, -0.056019, 0.023315, 0.957294, -0.029472, -0.082599
136, 138, 0.986015, 0.155010, -0.058914, 0.016586, 0.959505, -0.062638, -0.129250
136, 139, 0.975261, 0.149034, -0.158385, 0.039602, 2.066480, -0.032314, 0.022613
136, 140, 0.986638, 0.001755, -0.150774, 0.061727, 2.067760, 0.035038, 0.055414
136, 141, 0.973004, 0.003045, -0.212421, 0.090171, 3.023120, 0.165542, 0.307881
136, 142, 0.961988, 0.147473, -0.222098, 0.059186, 3.017960, 0.028810, 0.296240
137, 138, 0.989298, 0.145898, 0.000027, 0.001691, 0.001382, -0.061304, -0.042133
137, 139, 0.984593, 0.140622, -0.101180, 0.023747, 1.117570, -0.047770, -0.086778
137, 140, 0.994617, -0.007664, -0.096320, 0.037416, 1.116710, -0.008460, -0.045271
137, 141, 0.985109, -0.006544, -0.158765, 0.065664, 2.095430, 0.066640, 0.087909
137, 142, 0.975405, 0.139282, -0.165346, 0.042970, 2.090290, -0.007155, 0.058258
137, 143, 0.975063, 0.137208, -0.171073, 0.034056, 3.079480, -0.044686, 0.041700
137, 144, 0.984550, -0.012077, -0.164489, 0.058810, 3.086640, 0.021689, 0.080263
138, 139, 0.994595, -0.004913, -0.103462, 0.007241, 1.107320, 0.009851, -0.046592
138, 140, 0.982781, -0.152895, -0.101543, 0.021315, 1.111570, 0.059849, -0.022620
138, 141, 0.973083, -0.152959, -0.167524, 0.040598, 2.086370, 0.115134, 0.110136
138, 142, 0.985182, -0.005426, -0.170608, 0.016744, 2.079970, 0.045767, 0.098125
138, 143, 0.984688, -0.007527, -0.174029, 0.006855, 3.065960, 0.006861, 0.075232
138, 144, 0.972013, -0.158039, -0.170714, 0.032728, 3.068710, 0.070602, 0.094930
138, 145, 0.970900, -0.169940, -0.167297, 0.022038, 4.059200, -0.026018, 0.008699
138, 146, 0.984972, -0.024391, -0.170980, -0.001382, 4.065530, -0.069833, -0.021374
139, 140, 0.988829, -0.149050, 0.000320, -0.001138, -0.000540, 0.064445, 0.024968
139, 141, 0.986531, -0.148231, -0.066741, 0.018187, 0.981057, 0.072481, 0.017108
139, 142, 0.997580, -0.001267, -0.068835, 0.009716, 0.985788, 0.012704, -0.002446
139, 143, 0.997441, -0.003117, -0.071428, -0.000119, 1.965690, -0.009703, -0.036215
139, 144, 0.985404, -0.154231, -0.071356, 0.009971, 1.974280, 0.032764, -0.004372
139, 145, 0.983618, -0.166200, -0.069790, -0.001753, 2.976450, -0.045443, -0.080785
139, 146, 0.997587, -0.017738, -0.066275, -0.010618, 2.949470, -0.056736, -0.135275
140, 141, 0.997599, 0.000242, -0.062828, 0.029119, 0.983774, 0.007077, -0.008048
140, 142, 0.986680, 0.147484, -0.065321, 0.021056, 0.981020, -0.040994, -0.048076
140, 143, 0.986517, 0.146722, -0.071504, 0.011993, 1.975110, -0.054859, -0.073026
140, 144, 0.997429, -0.004461, -0.068150, 0.021692, 1.971650, -0.022463, -0.030422
140, 145, 0.997354, -0.016942, -0.069979, 0.010037, 2.982870, -0.103068, -0.097306
140, 146, 0.988955, 0.131419, -0.068520, 0.001239, 2.960800, -0.108993, -0.166944
141, 142, 0.988988, 0.147984, 0.000727, 0.001563, 0.000443, -0.049610, -0.040826
141, 143, 0.989145, 0.146698, -0.003864, -0.007581, 0.983519, -0.053499, -0.078854
141, 144, 0.999946, -0.004142, -0.005640, -0.007729, 0.989583, -0.015516, -0.033222
141, 145, 0.999640, -0.016283, -0.004986, -0.020714, 1.978720, -0.076281, -0.110645
141, 146, 0.991037, 0.132156, -0.001727, -0.019403, 1.974570, -0.084665, -0.164514
142, 143, 0.999941, -0.001320, -0.003870, -0.010051, 0.989314, -0.004241, -0.038303
142, 144, 0.988364, -0.151686, -0.004912, -0.010223, 0.988476, 0.046473, -0.011164
142, 145, 0.986336, -0.163135, -0.001663, -0.022910, 1.975770, -0.009593, -0.093721
142, 146, 0.999638, -0.016123, 0.000839, -0.021514, 1.976120, -0.035227, -0.128485
143, 144, 0.988611, -0.150489, 0.000450, -0.001005, -0.001083, 0.063282, 0.025483
143, 145, 0.986790, -0.161347, 0.004262, -0.013914, 0.982105, 0.037369, -0.054060
143, 146, 0.999816, -0.014422, 0.005262, -0.011472, 0.984562, -0.004824, -0.080476
143, 147, 0.999560, -0.028140, 0.007307, 0.005912, 2.077800, 0.045303, -0.184175
143, 148, 0.984133, -0.177303, 0.005305, 0.004232, 2.102230, 0.048335, -0.161170
144, 145, 0.999842, -0.011958, 0.001453, -0.013077, 0.983852, -0.033218, -0.076105
144, 146, 0.990658, 0.135911, 0.002826, -0.010828, 0.985424, -0.061038, -0.121031
144, 147, 0.992217, 0.124042, 0.009115, 0.006076, 2.067790, 0.000996, -0.221338
144, 148, 0.999549, -0.028319, 0.008689, 0.004876, 2.076420, -0.025042, -0.189284
145, 146, 0.989033, 0.147682, -0.000570, 0.002012, 0.001736, -0.055653, -0.041304
145, 147, 0.990775, 0.134072, 0.004260, 0.019287, 1.098170, -0.039661, -0.137859
145, 148, 0.999711, -0.015151, 0.006007, 0.017693, 1.106880, -0.015721, -0.095891
145, 149, 0.999637, -0.017371, -0.019381, 0.006899, 2.316110, -0.051379, 0.002357
145, 150, 0.991085, 0.131971, -0.017485, 0.005255, 2.299050, -0.080511, -0.049981
146, 147, 0.999750, -0.014019, 0.001154, 0.017405, 1.102930, 0.014972, -0.098896
146, 148, 0.986663, -0.161929, 0.003622, 0.016163, 1.105660, 0.055360, -0.075633
146, 149, 0.986185, -0.164362, -0.020537, 0.001455, 2.324110, 0.017329, 0.024522
146, 150, 0.999669, -0.017465, -0.018915, 0.000065, 2.309270, -0.036197, -0.012356
147, 148, 0.988661, -0.150159, 0.000304, -0.000937, -0.000605, 0.057335, 0.026053
147, 149, 0.988425, -0.148839, -0.025168, -0.015170, 1.220810, 0.067348, 0.067143
147, 150, 0.999608, -0.003396, -0.021960, -0.017057, 1.214570, -0.015564, 0.041266
148, 149, 0.999576, -0.001153, -0.027112, -0.010527, 1.218670, -0.007400, 0.043913
148, 150, 0.988983, 0.145468, -0.024467, -0.012412, 1.214420, -0.072064, -0.000932
148, 152, 0.999919, 0.006353, 0.006004, -0.009228, 2.346170, -0.021629, -0.097660
149, 150, 0.989138, 0.146975, -0.000139, 0.002034, 0.002731, -0.054573, -0.041636
149, 151, 0.987093, 0.157390, 0.028319, 0.008613, 1.121200, -0.056347, -0.104373
149, 152, 0.999460, 0.007560, 0.031931, 0.001700, 1.135130, -0.020082, -0.061986
149, 153, 0.999260, 0.009441, 0.037157, 0.003084, 2.109450, -0.020313, -0.097347
149, 154, 0.986168, 0.160431, 0.040599, 0.009306, 2.076790, -0.020667, -0.136596
150, 151, 0.999501, 0.011117, 0.027743, 0.010269, 1.116650, 0.001100, -0.062519
150, 152, 0.989661, -0.139653, 0.032413, 0.004092, 1.127690, 0.041811, -0.040349
150, 153, 0.989281, -0.141117, 0.036987, 0.006450, 2.103350, 0.015936, -0.078322
150, 154, 0.999178, 0.011272, 0.036961, 0.012249, 2.093850, 0.015062, -0.099929
151, 152, 0.988540, -0.150903, 0.003558, -0.002183, 0.010539, 0.064261, 0.027051
151, 153, 0.989053, -0.147427, 0.006319, -0.000288, 1.002790, 0.072376, 0.002872
151, 154, 0.999971, -0.000205, 0.007345, 0.002070, 0.991676, 0.006688, -0.018461
151, 155, 0.999988, -0.000945, 0.004603, 0.001603, 2.058220, 0.009529, -0.213252
151, 156, 0.988686, -0.149979, 0.002638, 0.000235, 2.076190, -0.002231, -0.185537
152, 153, 0.999988, 0.002035, 0.004150, 0.001345, 0.983196, -0.002803, -0.022833
152, 154, 0.988712, 0.149711, 0.004991, 0.003305, 0.973725, -0.054159, -0.064535
152, 155, 0.988700, 0.149816, 0.004208, 0.003269, 2.024670, -0.044771, -0.260859
152, 156, 0.999994, 0.000605, 0.002632, 0.002109, 2.040800, -0.069118, -0.213846
153, 154, 0.988925, 0.148408, -0.000067, 0.001513, -0.000786, -0.055861, -0.041699
153, 155, 0.989163, 0.146768, -0.003418, 0.001898, 1.069670, -0.059248, -0.240704
153, 156, 0.999995, -0.000035, -0.003150, 0.000582, 1.071510, -0.056424, -0.190876
153, 157, 0.999972, -0.004976, 0.003030, -0.004769, 2.147970, -0.111481, -0.313269
153, 158, 0.989720, 0.142093, -0.016219, 0.000036, 2.120630, -0.069343, -0.338810
154, 155, 0.999995, -0.000525, -0.003086, -0.000475, 1.068640, 0.005026, -0.200252
154, 156, 0.988873, -0.148707, -0.003699, -0.001610, 1.076860, 0.006935, -0.167383
154, 157, 0.987971, -0.154212, 0.009228, -0.006849, 2.110160, -0.057318, -0.308274
154, 158, 0.999880, -0.004780, -0.014075, -0.004409, 2.109220, -0.001593, -0.302307
154, 159, 0.998903, -0.009180, -0.044028, -0.013020, 3.243490, -0.049686, -0.391402
155, 156, 0.988887, -0.148655, 0.000505, -0.001888, -0.000167, 0.061268, 0.025330
155, 157, 0.988249, -0.152132, 0.012947, -0.007200, 1.039890, 0.028449, -0.090691
155, 158, 0.999918, -0.004687, -0.011275, -0.003870, 1.037930, -0.000193, -0.125225
155, 159, 0.999328, -0.007841, -0.034025, -0.011113, 2.110910, -0.017177, -0.289976
155, 160, 0.986814, -0.157570, -0.036453, -0.006449, 2.117920, -0.037259, -0.244630
156, 157, 0.999906, -0.004314, 0.011141, -0.006794, 1.041280, -0.038354, -0.113062
156, 158, 0.989635, 0.143064, -0.012459, 0.000075, 1.040490, -0.058291, -0.166569
156, 159, 0.989421, 0.140573, -0.035670, -0.003474, 2.111280, -0.069528, -0.329043
156, 160, 0.999253, -0.010119, -0.037270, 0.001410, 2.120030, -0.104735, -0.265985
157, 158, 0.988809, 0.146939, -0.025205, 0.005459, 0.000039, -0.060159, -0.099913
157, 159, 0.988555, 0.143148, -0.047575, 0.002070, 1.063580, -0.064408, -0.312431
157, 160, 0.998783, -0.006053, -0.048198, 0.008485, 1.071440, -0.083410, -0.254402
157, 161, 0.998722, -0.022545, -0.043162, 0.013525, 2.185970, -0.088417, -0.271909
157, 162, 0.990876, 0.127991, -0.041622, 0.007090, 2.169490, -0.047072, -0.325577
158, 159, 0.999711, -0.003435, -0.022710, -0.007130, 1.068180, -0.003365, -0.212418
158, 160, 0.987961, -0.152647, -0.024752, -0.004405, 1.075220, 0.004354, -0.176763
158, 161, 0.985148, -0.170199, -0.022716, 0.000742, 2.205490, -0.005774, -0.193100
158, 162, 0.999611, -0.021106, -0.018111, -0.001942, 2.178400, 0.001303, -0.229885
159, 160, 0.988793, -0.149289, -0.000509, -0.000985, 0.001655, 0.071965, 0.023513
159, 161, 0.986497, -0.163735, 0.001836, 0.003460, 1.132330, 0.081963, 0.014251
159, 162, 0.999838, -0.017081, 0.003228, 0.004716, 1.121980, 0.006414, -0.007153
159, 163, 0.999598, -0.018758, -0.013614, -0.016336, 2.322630, -0.054428, 0.078688
160, 161, 0.999851, -0.016429, 0.003028, 0.004330, 1.129860, -0.003009, -0.009617
160, 162, 0.991079, 0.133078, 0.004862, 0.005478, 1.117590, -0.052098, -0.047406
160, 163, 0.991130, 0.131281, -0.016784, -0.012019, 2.328020, -0.112481, 0.044745
161, 162, 0.988821, 0.149104, 0.000274, 0.001221, 0.002055, -0.055572, -0.041820
161, 163, 0.989007, 0.145678, -0.019318, -0.016445, 1.197680, -0.081452, 0.008661
161, 164, 0.999633, -0.011248, -0.019457, -0.015156, 1.199420, -0.011773, 0.048390
161, 165, 0.984079, -0.004929, 0.163726, -0.068975, 1.369770, -0.268996, -0.789102
162, 163, 0.999642, -0.002996, -0.016617, -0.020742, 1.196570, -0.023102, 0.048810
162, 164, 0.986826, -0.159841, -0.015668, -0.019483, 1.189210, 0.054916, 0.064465
163, 164, 0.987754, -0.155953, 0.004162, -0.001843, -0.009864, 0.073303, 0.021129
163, 165, 0.970182, -0.142782, 0.193785, -0.028425, 0.241350, -0.051123, -0.380518
163, 166, 0.980547, 0.007804, 0.196094, 0.003718, 0.236809, 0.002000, -0.424592
164, 165, 0.981466, 0.010256, 0.183059, -0.055756, 0.235912, -0.125918, -0.401910
164, 166, 0.968241, 0.161916, 0.188897, -0.024707, 0.239741, -0.055698, -0.465964
164, 168, 0.940765, 0.020097, 0.324665, -0.095659, 0.183814, -0.169676, -0.539334
164, 169, 0.999570, 0.026156, -0.004702, 0.012410, 2.284320, -0.238693, -0.843491
165, 166, 0.987957, 0.154713, -0.000293, 0.002201, 0.001073, -0.061799, -0.045199
165, 167, 0.976060, 0.160233, 0.145834, -0.019117, 0.065967, -0.060488, -0.183758
165, 168, 0.988110, 0.012986, 0.147092, -0.042834, 0.084703, -0.022794, -0.073277
165, 169, 0.979478, 0.016195, -0.190685, 0.063244, 1.912470, -0.171729, -0.557320
165, 170, 0.966007, 0.161233, -0.199085, 0.034629, 1.921020, -0.062327, -0.625758
166, 167, 0.988968, 0.007067, 0.147954, 0.001347, 0.076201, 0.001531, -0.141073
166, 168, 0.978023, -0.140402, 0.152583, -0.021817, 0.095044, 0.048026, -0.051621
166, 169, 0.970131, -0.134750, -0.199392, 0.030502, 1.903740, -0.098660, -0.529788
166, 170, 0.979409, 0.011368, -0.201561, 0.001199, 1.903030, 0.004589, -0.579347
166, 174, 0.870012, 0.038073, -0.491538, 0.004396, 4.443600, 0.005650, 2.408450
167, 168, 0.988756, -0.149413, 0.006074, -0.001087, 0.021159, 0.087025, 0.083902
167, 169, 0.928743, -0.135495, -0.341791, 0.047501, 1.758270, -0.083388, -0.470900
167, 170, 0.938737, 0.004643, -0.344590, -0.003167, 1.755830, 0.002114, -0.519563
167, 171, 0.907557, 0.014477, -0.419609, -0.007705, 4.035280, 0.003579, 0.257877
167, 174, 0.787637, 0.032562, -0.615249, -0.005991, 4.290740, -0.000215, 2.372880
168, 169, 0.936636, 0.004952, -0.335870, 0.099396, 1.808800, -0.165794, -0.547001
168, 170, 0.925239, 0.144642, -0.347303, 0.048907, 1.812170, -0.054462, -0.613428
168, 172, 0.905376, 0.016068, -0.407826, 0.117105, 4.096230, 0.065949, 0.199896
168, 173, 0.784586, 0.024070, -0.594447, 0.174577, 4.380250, 0.669997, 2.277100
168, 174, 0.771191, 0.148615, -0.612899, 0.086797, 4.386770, -0.055389, 2.313500
169, 170, 0.988781, 0.149368, -0.000019, 0.000664, 0.001443, -0.057738, -0.044177
169, 172, 0.996374, 0.011714, -0.081207, 0.022510, 2.241550, 0.135877, 0.475541
170, 171, 0.996901, 0.010671, -0.077935, -0.001034, 2.205230, -0.001441, 0.480387
170, 174, 0.951225, 0.026640, -0.307304, 0.005079, 2.565590, -0.020708, 1.772950
171, 172, 0.989119, -0.147113, -0.000327, -0.001235, -0.000145, 0.072220, 0.024410
171, 173, 0.964251, -0.135698, -0.225257, 0.032651, 0.780562, 0.165972, 0.372587
171, 174, 0.973636, 0.015820, -0.227500, 0.005165, 0.788300, -0.008343, 0.349186
172, 173, 0.973870, 0.007143, -0.217083, 0.066344, 0.798568, 0.094453, 0.352086
172, 174, 0.960623, 0.159008, -0.224353, 0.039829, 0.811310, -0.066735, 0.308659
173, 174, 0.988039, 0.154015, 0.000788, 0.007565, 0.010672, -0.063311, -0.055698
174, 175, 0.962079, -0.202820, -0.179804, 0.030638, 1.208470, -0.716507, -0.161710
174, 176, 0.971572, -0.151826, -0.180642, 0.019085, 1.205130, -0.722582, -0.249962
175, 176, 0.998594, 0.052970, 0.000244, -0.002160, -0.000572, -0.022983, -0.012914
175, 177, 0.990274, 0.046211, -0.125904, 0.037010, 1.041450, -0.116272, -0.305255
176, 177, 0.991230, -0.006790, -0.127910, 0.032499, 1.036930, -0.094172, -0.293741
176, 178, 0.996359, -0.001684, -0.080625, 0.027652, 1.852750, -0.196594, -0.754896
177, 178, 0.998860, 0.004059, 0.047344, -0.004578, 0.852177, -0.096256, -0.365556
178, 179, 0.998028, 0.000747, -0.054606, 0.030958, 0.769245, -0.077458, -0.260806
178, 180, 0.998186, -0.000687, -0.053116, 0.028325, 1.568680, -0.143655, -0.478886
179, 180, 0.999994, -0.002124, 0.000067, -0.002578, 0.805914, -0.063986, -0.216802
180, 181, 0.996115, 0.007840, 0.083844, -0.025760, 1.018040, -0.081401, -0.291434
181, 182, 0.999953, -0.004865, -0.008307, 0.001176, 0.900427, -0.073199, -0.229839
182, 183, 0.994255, 0.002624, -0.103249, 0.028118, 1.136100, -0.029336, -0.070545
183, 184, 0.999911, 0.002087, 0.012932, 0.002447, 1.494800, -0.032439, -0.124768
184, 185, 0.999980, -0.002256, 0.004923, -0.003259, 1.057840, -0.014997, -0.067548
185, 186, 0.999869, 0.012436, 0.008619, -0.005665, 1.243360, -0.045458, -0.156970
186, 187, 0.999897, 0.003220, -0.012518, 0.006291, 1.106800, -0.001834, -0.030754
187, 188, 0.988671, 0.144543, -0.040097, 0.005388, 1.329880, 0.629337, 0.057659
187, 189, 0.999257, -0.006931, -0.036389, 0.010677, 1.301190, 0.654581, -0.203777
188, 189, 0.988521, -0.151057, 0.002829, -0.000734, -0.031269, 0.041015, -0.062371
188, 190, 0.986859, -0.161535, 0.000775, 0.003903, 1.092220, 0.052523, -0.044113
188, 191, 0.999888, -0.014095, 0.000160, 0.004988, 1.092930, 0.010868, -0.068462
189, 190, 0.999933, -0.010067, -0.001788, 0.005378, 1.125630, 0.016151, 0.021369
189, 191, 0.990476, 0.137535, -0.001895, 0.006156, 1.123930, -0.043217, -0.017677
190, 191, 0.989097, 0.147260, 0.000073, 0.001273, 0.001603, -0.056179, -0.043172
190, 192, 0.988492, 0.150671, 0.010710, -0.008242, 1.091510, -0.061479, -0.030676
190, 193, 0.999952, 0.002293, 0.004960, -0.008142, 1.107650, 0.003263, 0.018048
190, 194, 0.999905, 0.002996, -0.012202, -0.005687, 1.145410, 0.005266, 0.042328
191, 192, 0.999915, 0.004281, 0.008932, -0.008439, 1.106930, -0.001883, 0.013983
191, 193, 0.988920, -0.148019, 0.007777, -0.008232, 1.098550, 0.054776, 0.039813
191, 194, 0.989038, -0.147133, -0.009235, -0.008373, 1.133770, 0.057680, 0.064214
192, 193, 0.988724, -0.149746, -0.000963, 0.000679, -0.001483, 0.062488, 0.025860
192, 194, 0.988625, -0.149275, -0.018380, 0.000543, 0.036715, 0.058566, 0.012179
192, 195, 0.988430, -0.150740, -0.016390, 0.003922, 1.131370, 0.075950, 0.059418
192, 196, 0.999876, -0.001552, -0.015618, 0.001374, 1.131700, -0.000047, 0.035533
193, 194, 0.999847, 0.000584, -0.017319, 0.002431, 0.039779, -0.003290, -0.013865
193, 195, 0.999865, -0.001357, -0.015282, 0.005918, 1.136450, 0.012413, 0.036964
193, 196, 0.988949, 0.147692, -0.012506, 0.003207, 1.125170, -0.054548, -0.007856
194, 195, 0.999990, -0.001955, 0.001974, 0.003508, 1.097140, 0.015855, 0.050744
194, 196, 0.988991, 0.147909, 0.002681, 0.003638, 1.096870, -0.051528, 0.009418
195, 196, 0.988809, 0.149188, 0.000733, 0.000028, 0.002711, -0.055079, -0.042956
195, 197, 0.988555, 0.150731, 0.006269, -0.000661, 1.071650, -0.058392, 0.002401
195, 198, 0.999879, 0.000644, 0.014790, -0.004772, 1.085240, 0.000874, 0.019368
196, 197, 0.999987, 0.001496, 0.004853, -0.000342, 1.073590, -0.003943, 0.045751
196, 198, 0.988633, -0.149581, 0.014966, -0.002607, 1.082240, 0.060654, 0.044247
197, 198, 0.988565, -0.150379, 0.010916, -0.002349, 0.004901, 0.062721, 0.024449
197, 199, 0.989044, -0.146702, 0.014317, -0.008055, 1.011110, 0.076662, 0.041000
197, 200, 0.999854, -0.000607, 0.015949, -0.006116, 1.008920, -0.001317, 0.016891
198, 199, 0.999973, 0.003060, 0.003120, -0.005829, 1.002020, 0.011367, 0.017224
198, 200, 0.988676, 0.149906, 0.004060, -0.005621, 1.002030, -0.053046, -0.023087
199, 200, 0.988937, 0.148337, 0.000001, -0.000064, 0.000926, -0.050677, -0.041945
199, 201, 0.989055, 0.146311, 0.017718, 0.007067, 1.057650, -0.044251, -0.072192
199, 202, 0.999821, 0.004430, 0.018272, 0.001945, 1.056330, -0.007144, -0.031855
199, 203, 0.999717, -0.001060, -0.023756, -0.001165, 2.208570, -0.020873, 0.091219
199, 204, 0.989789, 0.141326, -0.018392, -0.002421, 2.205550, -0.082558, 0.028598
200, 201, 0.999792, -0.001099, 0.018117, 0.009310, 1.048540, 0.011241, -0.033211
200, 202, 0.989469, -0.143483, 0.018558, 0.004378, 1.052480, 0.055238, -0.009639
200, 203, 0.988466, -0.149435, -0.024202, -0.004393, 2.213660, 0.040214, 0.114068
200, 204, 0.999826, -0.006822, -0.016333, -0.005835, 2.198100, -0.030638, 0.063606
200, 208, 0.991151, 0.000391, -0.132442, -0.008845, 3.612410, -0.076696, 2.133460
201, 202, 0.989895, -0.141778, 0.000059, -0.002640, -0.001270, 0.062565, 0.025437
201, 203, 0.988488, -0.145663, -0.039335, -0.011279, 1.139380, 0.062894, 0.057105
201, 204, 0.999316, -0.005130, -0.033556, -0.014684, 1.143140, -0.007682, 0.025249
201, 205, 0.998242, -0.004264, -0.056960, -0.015803, 2.139040, -0.008642, -0.178823
201, 206, 0.984588, -0.153549, -0.083648, -0.003541, 2.150290, 0.026058, -0.063254
201, 207, 0.977034, -0.142499, -0.158293, 0.006414, 2.573660, 0.582103, 1.833530
201, 208, 0.988356, 0.002589, -0.151099, -0.017754, 2.598950, -0.049959, 1.851950
201, 211, 0.943291, 0.011703, -0.331688, -0.006991, 4.242960, 0.640303, 3.693310
202, 203, 0.999170, -0.005182, -0.040321, -0.002710, 1.142640, -0.005428, 0.034115
202, 204, 0.989971, 0.136765, -0.034722, -0.006836, 1.141810, -0.059516, -0.014765
202, 205, 0.988661, 0.138993, -0.056656, -0.004506, 2.132030, -0.050762, -0.219412
202, 206, 0.996300, -0.012148, -0.084333, 0.011292, 2.162620, -0.033261, -0.079795
202, 207, 0.987361, -0.006429, -0.155214, 0.031395, 2.584570, 0.500342, 1.812390
202, 208, 0.978216, 0.141738, -0.151517, 0.006745, 2.607070, -0.105818, 1.812400
202, 211, 0.932377, 0.144025, -0.328783, 0.042807, 4.269060, 0.586769, 3.661300
203, 204, 0.989954, 0.141331, 0.003631, 0.001639, 0.005900, -0.053353, -0.037838
203, 205, 0.989486, 0.142877, -0.021983, 0.004591, 1.020310, -0.046064, -0.293015
203, 206, 0.998941, -0.007234, -0.043240, 0.013930, 1.021750, -0.058861, -0.213248
203, 207, 0.992715, -0.002955, -0.115392, 0.034542, 1.484460, 0.427054, 1.518730
203, 208, 0.982782, 0.145235, -0.113099, 0.015939, 1.506410, -0.093135, 1.523630
203, 209, 0.998105, -0.011727, 0.059348, -0.011266, 1.962960, 0.284549, 0.955058
203, 211, 0.943909, 0.146480, -0.291188, 0.052819, 3.346450, 0.588197, 2.993390
204, 205, 0.999662, 0.001604, -0.025911, -0.001057, 1.014030, 0.007046, -0.256921
204, 206, 0.987946, -0.147056, -0.047973, 0.005951, 1.010020, 0.009658, -0.194649
204, 207, 0.982151, -0.141383, -0.122976, 0.016337, 1.470840, 0.497209, 1.536780
204, 208, 0.992994, 0.005813, -0.118000, -0.002437, 1.494660, -0.036208, 1.560500
204, 209, 0.985913, -0.157006, 0.057520, -0.003962, 1.955380, 0.322010, 0.974086
204, 211, 0.954274, 0.012949, -0.298513, 0.009138, 3.315860, 0.644075, 3.018080
205, 206, 0.988543, -0.149263, -0.022247, 0.002808, -0.014245, 0.063351, 0.008407
205, 207, 0.984968, -0.142391, -0.096895, 0.013190, 0.423920, 0.513167, 1.589440
205, 208, 0.995807, 0.004869, -0.091343, -0.001415, 0.446433, -0.037934, 1.628000
205, 209, 0.985296, -0.149491, 0.082322, -0.008152, 1.007870, 0.484577, 1.387760
205, 211, 0.961774, 0.011596, -0.273412, 0.010089, 2.319730, 0.620851, 2.706730
206, 207, 0.997175, 0.005106, -0.071822, 0.021409, 0.439455, 0.444799, 1.584040
206, 208, 0.985790, 0.153125, -0.068412, 0.009487, 0.464641, -0.098935, 1.602450
206, 209, 0.994532, -0.005236, 0.101035, -0.025887, 1.017700, 0.395922, 1.370080
206, 210, 0.967614, 0.004083, -0.239555, 0.079494, 2.360960, 1.398640, 2.420940
206, 211, 0.955138, 0.155026, -0.247689, 0.048258, 2.348610, 0.560758, 2.690170
207, 208, 0.988921, 0.148332, 0.005693, -0.000976, 0.006885, -0.060017, -0.037423
207, 209, 0.984118, -0.007076, 0.171093, -0.046790, 0.039801, 0.016866, 0.045984
207, 210, 0.983857, -0.001361, -0.169356, 0.057810, 2.525830, 0.933368, 0.788551
207, 211, 0.972016, 0.152159, -0.174941, 0.037779, 2.511950, 0.621682, 0.997788
208, 209, 0.972809, -0.153931, 0.171888, -0.020050, 0.034258, 0.079172, 0.067549
208, 210, 0.972114, -0.144255, -0.181727, 0.034070, 2.504330, 1.026930, 0.806174
208, 211, 0.982755, 0.005725, -0.184483, 0.011179, 2.493560, 0.675969, 1.028530
209, 210, 0.936783, 0.007279, -0.334045, 0.103917, 2.526780, 0.911281, 0.730203
209, 211, 0.923940, 0.154435, -0.345181, 0.057755, 2.515660, 0.617506, 0.932525
209, 212, 0.980254, 0.168397, -0.101256, 0.022185, 2.708810, 0.660296, -0.321713
209, 213, 0.991841, 0.012835, -0.117784, 0.047046, 2.734460, 0.635715, -0.387433
210, 211, 0.987994, 0.154332, 0.000475, 0.006957, 0.003795, -0.064895, -0.043783
210, 212, 0.956383, 0.150870, 0.248704, -0.026765, 0.051818, -0.074433, 0.035715
210, 213, 0.973303, 0.000144, 0.222487, -0.056402, 0.050886, 0.012433, 0.065278
211, 212, 0.968198, 0.000125, 0.250134, 0.005132, 0.071769, -0.006418, 0.076969
211, 213, 0.961401, -0.151783, 0.227762, -0.028180, 0.068624, 0.086138, 0.085342
212, 213, 0.987653, -0.155156, -0.020960, 0.005337, 0.002067, 0.069402, 0.007980
212, 214, 0.998410, 0.001396, 0.056012, 0.006196, 1.254030, 0.014490, -0.148197
212, 215, 0.987827, -0.149286, 0.043709, 0.000686, 1.250490, 0.044903, -0.101708
213, 214, 0.984392, 0.157037, 0.079091, -0.007552, 1.232670, -0.040523, -0.176519
213, 215, 0.997878, 0.006232, 0.063317, -0.013808, 1.245440, -0.019716, -0.111624
214, 215, 0.988333, -0.151743, -0.012838, 0.002609, -0.006108, 0.056689, 0.017830
214, 216, 0.989224, -0.145391, 0.016643, -0.004434, 1.122650, 0.015156, -0.153442
214, 217, 0.999836, 0.002231, 0.017823, -0.002358, 1.120910, 0.002320, -0.185122
214, 218, 0.999827, 0.005849, 0.013808, -0.011024, 2.402990, -0.018919, -0.264357
214, 219, 0.988901, -0.147584, 0.012634, -0.011598, 2.421040, -0.063148, -0.230815
215, 216, 0.999551, 0.005528, 0.027339, -0.010980, 1.131300, -0.047160, -0.168491
215, 217, 0.987567, 0.154124, 0.030101, -0.007216, 1.124110, -0.044772, -0.216922
215, 218, 0.986566, 0.159879, 0.030289, -0.014451, 2.367050, -0.048254, -0.300656
215, 219, 0.999550, 0.007431, 0.023291, -0.017376, 2.422340, -0.096705, -0.247906
216, 217, 0.989110, 0.147178, 0.000434, -0.000167, -0.000001, -0.059476, -0.042021
216, 218, 0.988472, 0.151037, -0.007348, -0.007545, 1.298290, -0.059046, -0.128725
216, 219, 0.999963, 0.001660, -0.005291, -0.006593, 1.300880, -0.035596, -0.088715
216, 220, 0.999848, 0.004633, -0.006442, -0.015548, 2.338480, -0.031560, -0.059654
216, 221, 0.988876, 0.147449, -0.008680, -0.017552, 2.379170, -0.109479, -0.093647
217, 218, 0.999929, 0.003361, -0.007138, -0.008888, 1.303050, -0.003736, -0.088081
217, 219, 0.989353, -0.145212, -0.006054, -0.007565, 1.312390, 0.035260, -0.062262
217, 220, 0.989416, -0.144003, -0.006400, -0.016652, 2.354890, 0.027099, -0.033273
217, 221, 0.999809, 0.002097, -0.003182, -0.019193, 2.359950, -0.037840, -0.063250
218, 219, 0.988774, -0.149383, 0.003130, -0.000064, 0.003985, 0.060129, 0.028539
218, 220, 0.988636, -0.150025, -0.000978, -0.009545, 1.075300, 0.062857, 0.059744
218, 221, 0.999944, -0.001536, 0.001287, -0.010405, 1.077180, -0.009742, 0.034773
218, 222, 0.999841, -0.004384, 0.015021, -0.008499, 2.262000, 0.000711, 0.060217
218, 223, 0.988060, -0.153238, 0.012531, -0.009901, 2.270340, 0.080723, 0.082396
219, 220, 0.999947, -0.000548, -0.005964, -0.008380, 1.073410, 0.004693, 0.034510
219, 221, 0.988979, 0.147663, -0.004217, -0.009950, 1.077230, -0.059672, -0.006842
219, 222, 0.989164, 0.146130, 0.010199, -0.009806, 2.255870, -0.040248, 0.022136
219, 223, 0.999908, -0.004780, 0.007108, -0.010499, 2.268600, 0.016301, 0.060358
220, 221, 0.988949, 0.148247, 0.001105, -0.000790, -0.000382, -0.052345, -0.041138
220, 222, 0.989259, 0.145291, 0.016004, -0.000396, 1.174880, -0.048003, 0.015772
220, 223, 0.999886, -0.003705, 0.014487, -0.002188, 1.183070, 0.019011, 0.054502
220, 224, 0.999642, -0.010527, 0.024386, -0.003133, 2.443260, -0.017587, -0.089417
220, 225, 0.990055, 0.138649, 0.023826, -0.000504, 2.456670, -0.041760, -0.125342
221, 222, 0.999893, -0.003421, 0.014072, 0.002117, 1.180980, 0.001368, 0.054855
221, 223, 0.988447, -0.150970, 0.013418, 0.000425, 1.185580, 0.087219, 0.076366
221, 224, 0.987592, -0.155407, 0.022592, 0.000652, 2.461630, 0.065353, -0.072431
221, 225, 0.999721, -0.009095, 0.021568, 0.003254, 2.466940, 0.015512, -0.086806
222, 223, 0.988934, -0.148355, -0.000256, 0.000130, 0.000477, 0.064088, 0.024540
222, 224, 0.987651, -0.156479, 0.007719, 0.000572, 1.278450, 0.020423, -0.086217
222, 225, 0.999930, -0.006857, 0.009534, 0.001167, 1.268090, 0.002113, -0.120944
223, 224, 0.999949, -0.005282, 0.008580, -0.000630, 1.272750, -0.023450, -0.114580
223, 225, 0.989881, 0.141553, 0.009881, -0.000010, 1.266480, -0.052485, -0.160593
224, 225, 0.988944, 0.148290, 0.000362, -0.000354, 0.001102, -0.051877, -0.041602
224, 226, 0.988863, 0.146371, 0.026843, -0.002183, 1.395120, -0.041473, -0.173309
224, 227, 0.999658, -0.001714, 0.025505, -0.005516, 1.399190, -0.030148, -0.128318
224, 228, 0.999045, -0.006807, 0.041867, -0.010507, 2.638830, -0.037472, -0.150341
225, 226, 0.999630, -0.002509, 0.027032, 0.001789, 1.392760, 0.006271, -0.136506
225, 227, 0.988690, -0.147718, 0.025835, -0.001780, 1.399800, 0.047070, -0.106651
226, 227, 0.988954, -0.148222, -0.000135, 0.000117, -0.000943, 0.058674, 0.025128
226, 228, 0.987879, -0.154686, 0.012856, -0.001413, 1.276730, 0.057509, 0.059700
226, 229, 0.999846, -0.003346, 0.017245, -0.000374, 1.258190, 0.005622, 0.025168
226, 230, 0.999206, -0.001476, -0.039697, -0.003189, 2.395050, -0.004851, 0.146628
226, 231, 0.985060, -0.166001, -0.045818, -0.000677, 2.415370, 0.044184, 0.215539
226, 232, 0.984709, -0.158211, -0.072914, 0.001417, 3.336530, 0.153235, 0.439188
226, 233, 0.996521, -0.002121, -0.082994, -0.007317, 3.397920, -0.015542, 0.471181
227, 228, 0.999899, -0.004934, 0.012912, -0.003346, 1.274250, 0.010042, 0.032345
227, 229, 0.989390, 0.144282, 0.016840, -0.002677, 1.259550, -0.047835, -0.013134
227, 230, 0.988837, 0.143199, -0.041020, 0.003508, 2.408020, -0.078313, 0.113474
227, 231, 0.998863, -0.020983, -0.042379, 0.006063, 2.397580, -0.034607, 0.194440
227, 232, 0.997182, -0.009719, -0.073300, 0.012677, 3.349430, 0.100897, 0.419346
227, 233, 0.986260, 0.144008, -0.080791, 0.005150, 3.385950, -0.075507, 0.426599
228, 229, 0.988985, 0.148013, 0.001122, -0.000556, 0.004139, -0.055201, -0.041226
228, 230, 0.987166, 0.149264, -0.056495, 0.005595, 1.163720, -0.060923, -0.062577
228, 231, 0.998246, -0.007549, -0.057968, 0.009399, 1.154180, -0.013238, -0.003473
228, 232, 0.994956, -0.007443, -0.098182, 0.019149, 2.201970, 0.033069, 0.198705
228, 233, 0.983865, 0.146814, -0.101898, 0.008444, 2.205750, -0.071651, 0.166186
228, 234, 0.984650, 0.148038, -0.092307, 0.005264, 3.219460, -0.064318, 0.258969
228, 235, 0.995623, -0.005512, -0.091221, 0.019568, 3.215490, 0.071438, 0.296740
229, 230, 0.998355, 0.002147, -0.057238, -0.002574, 1.150450, -0.000912, -0.022290
229, 231, 0.986017, -0.155369, -0.060250, 0.001270, 1.149830, 0.051012, 0.019124
229, 232, 0.982890, -0.153508, -0.101691, 0.004659, 2.197160, 0.106510, 0.220126
229, 233, 0.994780, 0.000228, -0.101831, -0.006616, 2.185240, -0.011168, 0.200585
229, 234, 0.995696, -0.000577, -0.092289, -0.008454, 3.205160, -0.018316, 0.289618
229, 235, 0.983557, -0.153825, -0.094422, 0.006132, 3.213860, 0.128410, 0.313754
230, 231, 0.987597, -0.156897, -0.002691, -0.005368, -0.005663, 0.073877, 0.029922
230, 232, 0.986771, -0.155925, -0.044333, -0.001974, 1.044990, 0.101714, 0.136469
230, 233, 0.998987, -0.002197, -0.044758, -0.004223, 1.037900, -0.003611, 0.119477
230, 234, 0.999364, -0.002784, -0.035009, -0.006124, 2.053430, -0.006512, 0.230487
230, 235, 0.987433, -0.153116, -0.039121, -0.000584, 2.071160, 0.147689, 0.254562
231, 232, 0.999143, -0.000377, -0.040168, 0.010007, 1.051050, 0.020863, 0.108398
231, 233, 0.987183, 0.153805, -0.041741, 0.008476, 1.044840, -0.068688, 0.068484
231, 234, 0.987437, 0.155034, -0.030045, 0.005396, 2.040740, -0.057992, 0.178713
231, 235, 0.999400, 0.001646, -0.032985, 0.010478, 2.062400, 0.059636, 0.222554
232, 233, 0.988075, 0.153890, -0.001007, 0.004929, -0.002043, -0.067185, -0.044630
232, 234, 0.988041, 0.153865, 0.009903, 0.001764, 0.998037, -0.063104, 0.087354
232, 235, 0.999973, 0.001612, 0.007099, 0.000589, 1.010920, 0.035396, 0.128181
232, 236, 0.998666, 0.007485, 0.049879, -0.011052, 2.163860, -0.003428, -0.036965
232, 237, 0.985808, 0.159818, 0.051214, -0.004270, 2.144030, -0.037588, -0.071354
233, 234, 0.999949, -0.000886, 0.009834, -0.001952, 1.012980, -0.002271, 0.130942
233, 235, 0.988281, -0.152455, 0.006890, -0.003352, 1.022560, 0.111922, 0.150899
233, 236, 0.987924, -0.145411, 0.052755, -0.008900, 2.167090, 0.079619, -0.025440
233, 237, 0.998579, 0.004497, 0.053076, -0.001698, 2.152340, 0.017611, -0.028041
234, 235, 0.988251, -0.152833, -0.000961, -0.000297, -0.002615, 0.065306, 0.024858
234, 236, 0.987936, -0.148534, 0.043395, -0.006018, 1.139650, 0.040011, -0.044081
234, 237, 0.999012, 0.003549, 0.044297, 0.000059, 1.121230, 0.004851, -0.068534
234, 238, 0.998952, 0.004823, 0.045353, -0.003952, 2.256740, 0.000232, -0.081078
234, 239, 0.988509, -0.145702, 0.039035, -0.009828, 2.295090, 0.029340, -0.042205
235, 236, 0.999005, 0.004996, 0.042656, -0.012059, 1.140860, -0.018538, -0.068743
235, 237, 0.986702, 0.156072, 0.044983, -0.006025, 1.117680, -0.050661, -0.110377
235, 238, 0.986563, 0.157891, 0.040909, -0.009526, 2.287040, -0.051647, -0.109808
235, 239, 0.999292, 0.008128, 0.033798, -0.014367, 2.327750, -0.025343, -0.055725
236, 237, 0.988554, 0.150861, -0.001109, -0.000164, -0.006261, -0.055994, -0.040320
236, 238, 0.988502, 0.151164, -0.000677, -0.003603, 1.127230, -0.058326, -0.049620
236, 239, 0.999987, 0.002564, -0.002823, -0.003240, 1.135130, -0.004879, -0.005527
236, 240, 0.999878, 0.002238, -0.015451, -0.000531, 2.143480, 0.043923, 0.151191
236, 241, 0.988507, 0.150654, -0.012276, -0.002713, 2.122780, -0.051438, 0.110993
236, 242, 0.988414, 0.146990, -0.037793, -0.001928, 3.052170, -0.073636, 0.111140
236, 243, 0.999152, -0.001911, -0.040848, 0.004863, 3.079410, 0.020752, 0.154951
237, 238, 0.999993, 0.000370, 0.000502, -0.003814, 1.138580, -0.002104, -0.010169
237, 239, 0.989042, -0.147576, -0.001857, -0.003669, 1.147810, 0.066130, 0.015584
237, 240, 0.988886, -0.147726, -0.016528, -0.003023, 2.170440, 0.116555, 0.174935
237, 241, 0.999921, -0.001430, -0.011393, -0.005074, 2.136120, -0.005467, 0.147952
237, 242, 0.999178, -0.003400, -0.039480, -0.008532, 3.088350, -0.016560, 0.159700
237, 243, 0.986935, -0.155315, -0.042822, -0.001457, 3.108100, 0.065147, 0.182023
238, 239, 0.988988, -0.147990, -0.000890, -0.000156, 0.002008, 0.070660, 0.022486
238, 240, 0.988738, -0.148885, -0.015140, 0.000771, 1.020680, 0.108411, 0.148083
238, 241, 0.999904, -0.001970, -0.013647, -0.001281, 1.012010, -0.001857, 0.130177
238, 242, 0.999119, -0.004484, -0.041444, -0.004908, 1.965480, -0.008849, 0.082366
238, 243, 0.987022, -0.154340, -0.044325, 0.001727, 1.990120, 0.065721, 0.115530
239, 240, 0.999909, -0.001009, -0.013113, 0.002967, 1.012230, 0.037052, 0.125512
239, 241, 0.989168, 0.146312, -0.011758, 0.001072, 1.002140, -0.060549, 0.088197
239, 242, 0.988801, 0.143857, -0.039678, 0.001744, 1.955860, -0.066416, 0.042500
239, 243, 0.999155, -0.002519, -0.040241, 0.007973, 1.969810, 0.025701, 0.083500
240, 241, 0.988965, 0.148151, 0.000286, 0.000191, 0.000901, -0.053203, -0.041164
240, 242, 0.988986, 0.145411, -0.027600, 0.000862, 0.963364, -0.055449, -0.145333
240, 243, 0.999621, -0.002372, -0.027014, 0.004798, 0.964859, -0.030081, -0.099370
240, 244, 0.999913, -0.008645, 0.005552, 0.008253, 2.342560, -0.018896, -0.200490
240, 245, 0.990018, 0.140520, 0.006184, 0.008972, 2.333040, -0.002188, -0.240114
241, 242, 0.999599, -0.002521, -0.027964, -0.003611, 0.963294, -0.000669, -0.103980
241, 243, 0.988207, -0.150531, -0.028051, 0.000497, 0.965449, 0.032092, -0.075681
241, 244, 0.988016, -0.154058, 0.003722, 0.008774, 2.344350, 0.066684, -0.180538
241, 245, 0.999907, -0.009346, 0.004292, 0.008981, 2.335590, 0.037614, -0.205893
242, 243, 0.989079, -0.147386, 0.000393, -0.000056, -0.000024, 0.069196, 0.023671
242, 244, 0.987799, -0.152529, 0.030401, 0.008005, 1.401380, 0.086374, -0.018196
242, 245, 0.999402, -0.007265, 0.031480, 0.012320, 1.387810, 0.014968, -0.039617
243, 244, 0.999446, -0.006860, 0.032419, 0.003239, 1.387260, 0.003802, -0.040400
243, 245, 0.989529, 0.140469, 0.032190, 0.007992, 1.389550, -0.042118, -0.079647
244, 245, 0.989099, 0.147251, 0.000857, -0.000197, 0.000832, -0.057961, -0.040759
244, 246, 0.988325, 0.148782, 0.032392, -0.005251, 1.228630, -0.061708, 0.032158
244, 247, 0.999446, 0.002370, 0.031557, -0.010346, 1.222370, 0.031129, 0.075051
245, 246, 0.999417, 0.002141, 0.034064, -0.000898, 1.212940, 0.000258, 0.073032
245, 247, 0.989153, -0.143248, 0.031992, -0.005695, 1.223540, 0.111760, 0.095071
245, 249, 0.999721, 0.002215, 0.023488, -0.001210, 2.323980, -0.005898, 0.075676
246, 247, 0.988784, -0.149349, -0.001088, -0.000511, 0.005757, 0.056489, 0.025770
246, 248, 0.988868, -0.147917, -0.016095, 0.001276, 1.130460, 0.056612, 0.010168
246, 249, 0.999927, 0.000913, -0.012030, -0.000535, 1.127490, 0.002491, -0.022171
246, 250, 0.999804, -0.000711, -0.019011, -0.005394, 2.216560, -0.011465, 0.016305
246, 251, 0.986962, -0.158612, -0.027070, -0.003941, 2.224650, 0.073236, 0.069418
246, 253, 0.999604, 0.005745, -0.027511, 0.001046, 3.426270, 0.068386, -0.042451
247, 248, 0.999877, 0.000950, -0.015078, 0.004181, 1.129970, -0.003395, -0.013329
247, 249, 0.988667, 0.149687, -0.011320, 0.001957, 1.125960, -0.048509, -0.062357
247, 250, 0.988671, 0.148707, -0.020321, -0.001836, 2.226630, -0.057595, -0.019433
247, 251, 0.999559, -0.011935, -0.027184, 0.000158, 2.227510, -0.005895, 0.048709
247, 252, 0.999599, -0.009646, -0.025499, 0.007636, 3.397090, 0.006045, -0.042857
248, 249, 0.988876, 0.148693, 0.003797, 0.000111, -0.000060, -0.051304, -0.039577
248, 250, 0.989099, 0.147171, -0.003241, -0.003576, 1.083660, -0.054070, -0.016875
248, 251, 0.999846, -0.012529, -0.011588, -0.004161, 1.092030, 0.009239, 0.035521
248, 252, 0.999889, -0.008437, -0.011761, 0.003428, 2.279030, 0.021986, -0.043174
248, 253, 0.988806, 0.148723, -0.011208, 0.004250, 2.290990, -0.029905, -0.082935
248, 255, 0.999159, 0.002102, -0.039100, 0.012159, 3.331910, 0.046868, 0.121651
249, 250, 0.999964, -0.001405, -0.006793, -0.004855, 1.087270, -0.001529, 0.022875
249, 251, 0.987122, -0.159037, -0.016290, -0.005665, 1.106450, 0.087998, 0.055522
249, 252, 0.987160, -0.158366, -0.020651, 0.002933, 2.316570, 0.070196, -0.032559
249, 253, 0.999897, 0.000899, -0.014253, 0.001584, 2.281430, 0.028448, -0.051606
249, 254, 0.999103, 0.002781, -0.042229, -0.001737, 3.313310, 0.022359, 0.128019
250, 251, 0.987181, -0.159456, -0.006444, -0.002259, -0.000965, 0.069589, 0.019484
250, 252, 0.987428, -0.157672, -0.009750, 0.005540, 1.204280, 0.046014, -0.059623
250, 253, 0.999953, 0.001889, -0.007106, 0.006380, 1.190880, 0.013178, -0.090719
250, 254, 0.999210, 0.002724, -0.039512, 0.003277, 2.267000, 0.006546, 0.035192
250, 255, 0.988283, -0.145862, -0.043795, 0.010095, 2.314280, 0.070856, 0.073962
250, 257, 0.999947, -0.001624, -0.008449, 0.005689, 3.430820, 0.011852, -0.184880
251, 252, 0.999967, 0.002588, -0.000578, 0.007686, 1.192100, -0.017400, -0.082935
251, 253, 0.986905, 0.160993, -0.000211, 0.010010, 1.198820, -0.048868, -0.129448
251, 254, 0.986371, 0.160799, -0.032644, 0.012225, 2.275760, -0.062694, -0.000445
251, 255, 0.999292, 0.015737, -0.029881, 0.016571, 2.270630, 0.016059, 0.035000
252, 253, 0.987240, 0.159212, 0.001790, 0.002332, 0.004477, -0.057889, -0.042333
252, 254, 0.986825, 0.158637, -0.031463, 0.004496, 1.085850, -0.069401, 0.006667
252, 255, 0.999448, 0.012937, -0.029312, 0.008793, 1.077310, 0.007035, 0.046923
252, 256, 0.999943, 0.010066, -0.003214, 0.001499, 2.270700, -0.021494, -0.085909
252, 257, 0.987549, 0.157298, -0.001345, 0.001668, 2.257470, -0.043915, -0.134124
253, 254, 0.999476, 0.000690, -0.032183, -0.003247, 1.071160, -0.002377, 0.048200
253, 255, 0.988882, -0.145386, -0.031180, 0.001606, 1.063490, 0.081570, 0.066761
253, 256, 0.988871, -0.148607, -0.006787, -0.001822, 2.281540, 0.051479, -0.061732
253, 257, 0.999985, -0.002870, -0.004113, -0.002017, 2.264850, 0.005196, -0.094186
254, 255, 0.989263, -0.146148, 0.000574, -0.000088, -0.003283, 0.070249, 0.022721
254, 256, 0.988395, -0.149546, 0.026462, -0.003489, 1.200430, 0.051695, -0.054511
254, 257, 0.999594, -0.003525, 0.028247, 0.001174, 1.190730, 0.004695, -0.081345
254, 258, 0.999020, -0.003122, 0.044144, -0.000325, 2.209010, 0.007141, -0.359522
254, 259, 0.987397, -0.152043, 0.043619, -0.005203, 2.209220, -0.052773, -0.325994
255, 256, 0.999630, -0.003282, 0.026064, -0.007093, 1.193040, -0.017051, -0.077777
255, 257, 0.989246, 0.143514, 0.028115, -0.002480, 1.186690, -0.048278, -0.121550
255, 258, 0.988289, 0.145964, 0.044069, -0.006062, 2.200390, -0.027718, -0.393730
255, 259, 0.999128, -0.002995, 0.040187, -0.010920, 2.223480, -0.096102, -0.344641
256, 257, 0.989097, 0.147264, 0.000432, 0.000738, 0.001244, -0.053233, -0.040286
256, 258, 0.988939, 0.147641, 0.013965, -0.002752, 1.038240, -0.047228, -0.278985
256, 259, 0.999904, 0.001152, 0.013208, -0.004025, 1.042360, -0.062549, -0.230084
256, 260, 0.999974, 0.004330, 0.004133, 0.004008, 2.215370, -0.044835, -0.251068
256, 261, 0.988305, 0.152359, 0.003658, 0.005195, 2.211370, -0.016727, -0.293214
256, 262, 0.977859, 0.147775, -0.147654, 0.012332, 3.431850, -0.101833, 0.428132
256, 263, 0.989126, 0.007712, -0.142186, 0.036791, 3.435670, 0.102073, 0.443126
256, 264, 0.987211, 0.008173, -0.147624, 0.059621, 4.332090, 0.170745, 0.164735
256, 265, 0.975370, 0.157103, -0.150308, 0.037128, 4.306820, 0.086726, 0.151874
257, 258, 0.999898, 0.000108, 0.014188, -0.001651, 1.036320, 0.003733, -0.240677
257, 259, 0.989089, -0.146659, 0.013648, -0.002971, 1.039940, -0.004732, -0.210731
257, 260, 0.989502, -0.144435, 0.003552, 0.003499, 2.212580, 0.003968, -0.233690
257, 261, 0.999973, 0.004450, 0.003838, 0.004496, 2.201020, 0.030274, -0.259908
257, 262, 0.989208, 0.001609, -0.146127, -0.010555, 3.407590, -0.053624, 0.453344
257, 263, 0.979356, -0.139150, -0.145951, 0.014053, 3.423970, 0.151144, 0.458687
257, 264, 0.977010, -0.139425, -0.157362, 0.035351, 4.336200, 0.211637, 0.194306
257, 265, 0.986905, 0.010150, -0.160545, 0.011885, 4.339660, 0.120049, 0.214327
258, 259, 0.989189, -0.146643, 0.000005, 0.000593, 0.001626, 0.061186, 0.023319
258, 260, 0.989589, -0.143418, -0.009759, 0.007019, 1.165140, 0.059749, -0.018207
258, 261, 0.999919, 0.004026, -0.010426, 0.006109, 1.160330, 0.008771, -0.040896
258, 262, 0.987060, 0.000828, -0.160091, -0.009048, 2.348220, -0.040869, 0.353848
258, 263, 0.977310, -0.138322, -0.159447, 0.017589, 2.360340, 0.137215, 0.362689
258, 264, 0.974321, -0.135315, -0.175793, 0.038547, 3.320260, 0.175747, 0.101246
258, 265, 0.983993, 0.009422, -0.177489, 0.012901, 3.309090, 0.082067, 0.094265
259, 260, 0.999927, 0.003076, -0.008529, 0.007995, 1.162980, -0.002352, -0.040643
259, 261, 0.988541, 0.150453, -0.009888, 0.007231, 1.163590, -0.043968, -0.079937
259, 262, 0.976292, 0.145493, -0.159636, 0.014189, 2.357130, -0.093618, 0.316201
259, 263, 0.987065, 0.006366, -0.154991, 0.040504, 2.368180, 0.075795, 0.340507
259, 264, 0.983851, 0.008688, -0.167030, 0.063732, 3.323680, 0.112990, 0.074808
259, 265, 0.972176, 0.154792, -0.171591, 0.038325, 3.305520, 0.039641, 0.051156
260, 261, 0.989178, 0.146717, 0.000042, 0.000617, -0.002096, -0.060530, -0.042291
260, 262, 0.978198, 0.143027, -0.150405, 0.007062, 1.237110, -0.073797, 0.008960
260, 263, 0.988622, 0.004164, -0.146895, 0.032112, 1.248080, 0.004402, 0.042205
260, 264, 0.985672, 0.006226, -0.159230, 0.055300, 2.217490, -0.012357, -0.251173
260, 265, 0.973940, 0.152987, -0.164446, 0.031511, 2.213220, 0.017590, -0.286171
260, 267, 0.932562, -0.007875, -0.343004, 0.112313, 3.229200, 0.283167, 0.724609
261, 262, 0.988605, -0.002309, -0.149687, -0.015755, 1.227960, -0.015845, 0.049236
261, 263, 0.978496, -0.141207, -0.150047, 0.009544, 1.238960, 0.071186, 0.064912
261, 264, 0.975859, -0.138755, -0.165881, 0.030475, 2.206770, 0.053537, -0.227736
261, 265, 0.985847, 0.006182, -0.167416, 0.006219, 2.202270, 0.059027, -0.249694
261, 266, 0.932683, -0.003455, -0.360679, 0.001233, 3.195290, 0.024344, 0.771018
261, 267, 0.920862, -0.145206, -0.356915, 0.059497, 3.210060, 0.343657, 0.744346
262, 263, 0.990016, -0.140894, 0.000593, 0.004187, 0.009049, 0.064701, 0.015430
262, 264, 0.989416, -0.142049, -0.015665, 0.025155, 0.981530, -0.011217, -0.308681
262, 265, 0.999536, 0.004749, -0.019485, 0.022926, 0.988061, 0.018804, -0.342672
262, 266, 0.975818, -0.007381, -0.217857, 0.016240, 2.110400, -0.004591, 0.209218
262, 267, 0.963129, -0.155997, -0.212805, 0.052557, 2.120960, 0.139572, 0.214740
262, 275, 0.967741, -0.142207, -0.205246, 0.033597, 2.312610, 1.117090, 3.924210
263, 264, 0.999641, -0.001236, -0.013435, 0.023146, 0.978064, -0.077032, -0.325283
263, 265, 0.988908, 0.146155, -0.015621, 0.021366, 0.974766, -0.035179, -0.375253
263, 267, 0.975718, -0.017124, -0.203769, 0.078485, 2.123410, 0.079593, 0.198236
263, 275, 0.978198, -0.003674, -0.199377, 0.058004, 2.316130, 1.051120, 3.909600
264, 265, 0.989158, 0.146854, 0.000495, 0.000220, 0.001664, -0.060593, -0.042553
264, 266, 0.970160, 0.136825, -0.198922, 0.022328, 1.095140, -0.065867, 0.105197
264, 267, 0.979818, -0.012233, -0.191531, 0.055877, 1.098290, 0.045717, 0.132564
264, 275, 0.981926, 0.001591, -0.185934, 0.035317, 1.282640, 1.056750, 3.854260
265, 266, 0.979697, -0.007114, -0.200225, -0.007245, 1.075840, -0.004649, 0.141678
265, 267, 0.967246, -0.155939, -0.198476, 0.026954, 1.082530, 0.115125, 0.149637
265, 275, 0.971162, -0.143540, -0.190241, 0.007044, 1.271570, 1.118480, 3.870550
266, 267, 0.988255, -0.152764, 0.000712, 0.003850, 0.005615, 0.069082, 0.016699
266, 268, 0.979800, -0.140844, -0.140666, 0.019165, 1.018490, 0.058250, -0.023239
266, 269, 0.986525, 0.016209, -0.162789, -0.002120, 1.008620, -0.000592, -0.006146
266, 270, 0.983768, 0.013677, -0.178873, -0.004253, 2.107660, -0.006276, 0.115470
266, 274, 0.999806, 0.012808, 0.011224, -0.009884, 0.184737, -0.088824, 3.881070
266, 275, 0.990611, -0.135764, 0.009915, -0.012667, 0.188400, 1.122270, 3.755140
267, 268, 0.989788, 0.010807, -0.137282, 0.036828, 1.022310, -0.011981, -0.040590
267, 269, 0.972325, 0.167185, -0.162107, 0.018829, 1.016350, -0.061407, -0.044264
267, 270, 0.969822, 0.165292, -0.178271, 0.018504, 2.115350, -0.061994, 0.078562
267, 274, 0.986063, 0.165430, 0.008847, -0.015338, 0.177162, -0.147529, 3.839900
267, 275, 0.999674, 0.017145, 0.006635, -0.017694, 0.180253, 1.053650, 3.735140
268, 269, 0.987164, 0.158286, -0.020937, 0.003920, -0.006881, -0.064485, -0.045985
268, 270, 0.986938, 0.156549, -0.037880, 0.003348, 1.096490, -0.061776, 0.043296
268, 271, 0.999527, 0.010392, -0.028344, 0.005876, 1.099890, 0.014339, 0.063842
268, 272, 0.961923, 0.011936, -0.263476, 0.071703, 2.619350, 0.183657, 0.719011
268, 275, 0.988056, 0.007864, 0.144806, -0.052096, -0.782542, 1.162970, 4.064470
269, 270, 0.999859, -0.001985, -0.016399, -0.003026, 1.100260, 0.000718, 0.088035
269, 271, 0.988998, -0.147665, -0.008467, -0.002356, 1.110130, 0.091530, 0.088598
269, 272, 0.957238, -0.140994, -0.251310, 0.025667, 2.605320, 0.257961, 0.742614
269, 273, 0.968434, 0.001647, -0.249011, -0.011258, 2.608540, -0.027088, 0.728327
269, 274, 0.984660, -0.001941, 0.174393, -0.005394, -0.763340, -0.076734, 4.229540
269, 275, 0.973362, -0.147941, 0.172115, -0.032499, -0.760028, 1.238860, 4.087310
270, 271, 0.989210, -0.146228, 0.008875, -0.001626, 0.003505, 0.068090, 0.022929
270, 272, 0.961043, -0.141204, -0.236072, 0.026973, 1.674890, 0.099186, 0.180619
270, 273, 0.972068, 0.002842, -0.234551, -0.007784, 1.676690, -0.010494, 0.153562
270, 274, 0.981661, 0.000599, 0.190611, -0.002946, -1.816920, -0.071278, 4.556410
271, 272, 0.969311, 0.001223, -0.237442, 0.063689, 1.687530, 0.035060, 0.159158
271, 273, 0.959055, 0.144219, -0.242127, 0.028099, 1.695610, -0.070847, 0.115111
271, 274, 0.972577, 0.144856, 0.179604, -0.029217, -1.837570, -0.127202, 4.523610
271, 275, 0.983164, -0.001289, 0.173746, -0.056564, -1.834870, 1.275470, 4.377000
272, 273, 0.989114, 0.147132, 0.002293, 0.000034, 0.006259, -0.060845, -0.041268
274, 275, 0.988896, -0.148602, 0.000352, -0.001216, -0.000488, 0.065487, 0.018779
